age,bmi,children,charges,bmi_squared,sex_female,sex_male,smoker_no,smoker_yes,region_northeast,region_northwest,region_southeast,region_southwest,bmi_category_underweight,bmi_category_normal,bmi_category_overweight,bmi_category_obese
19,27.9,0,16884.924,778.41,1,0,0,1,0,0,0,1,0,0,1,0
18,33.77,1,1725.5523,1140.4129000000003,0,1,1,0,0,0,1,0,0,0,0,1
28,33.0,3,4449.462,1089.0,0,1,1,0,0,0,1,0,0,0,0,1
33,22.705,0,21984.47061,515.5170249999999,0,1,1,0,0,1,0,0,0,1,0,0
32,28.88,0,3866.8552,834.0544,0,1,1,0,0,1,0,0,0,0,1,0
31,25.74,0,3756.6216,662.5475999999999,1,0,1,0,0,0,1,0,0,0,1,0
46,33.44,1,8240.5896,1118.2335999999998,1,0,1,0,0,0,1,0,0,0,0,1
37,27.74,3,7281.5056,769.5075999999999,1,0,1,0,0,1,0,0,0,0,1,0
37,29.83,2,6406.4107,889.8288999999999,0,1,1,0,1,0,0,0,0,0,1,0
60,25.84,0,28923.13692,667.7056,1,0,1,0,0,1,0,0,0,0,1,0
25,26.22,0,2721.3208,687.4884,0,1,1,0,1,0,0,0,0,0,1,0
62,26.29,0,27808.7251,691.1641,1,0,0,1,0,0,1,0,0,0,1,0
23,34.4,0,1826.843,1183.36,0,1,1,0,0,0,0,1,0,0,0,1
56,39.82,0,11090.7178,1585.6324,1,0,1,0,0,0,1,0,0,0,0,1
27,42.13,0,39611.7577,1774.9369000000002,0,1,0,1,0,0,1,0,0,0,0,1
19,24.6,1,1837.237,605.1600000000001,0,1,1,0,0,0,0,1,0,1,0,0
52,30.78,1,10797.3362,947.4084,1,0,1,0,1,0,0,0,0,0,0,1
23,23.845,0,2395.17155,568.584025,0,1,1,0,1,0,0,0,0,1,0,0
56,40.3,0,10602.385,1624.0899999999997,0,1,1,0,0,0,0,1,0,0,0,1
30,35.3,0,36837.467,1246.0899999999997,0,1,0,1,0,0,0,1,0,0,0,1
60,36.005,0,13228.84695,1296.3600250000002,1,0,1,0,1,0,0,0,0,0,0,1
30,32.4,1,4149.736,1049.76,1,0,1,0,0,0,0,1,0,0,0,1
18,34.1,0,1137.011,1162.8100000000002,0,1,1,0,0,0,1,0,0,0,0,1
34,31.92,1,37701.8768,1018.8864000000001,1,0,0,1,1,0,0,0,0,0,0,1
37,28.025,2,6203.90175,785.4006249999999,0,1,1,0,0,1,0,0,0,0,1,0
59,27.72,3,14001.1338,768.3983999999999,1,0,1,0,0,0,1,0,0,0,1,0
63,23.085,0,14451.83515,532.917225,1,0,1,0,1,0,0,0,0,1,0,0
55,32.775,2,12268.63225,1074.200625,1,0,1,0,0,1,0,0,0,0,0,1
23,17.385,1,2775.19215,302.23822500000006,0,1,1,0,0,1,0,0,1,0,0,0
31,36.3,2,38711.0,1317.6899999999998,0,1,0,1,0,0,0,1,0,0,0,1
22,35.6,0,35585.576,1267.3600000000001,0,1,0,1,0,0,0,1,0,0,0,1
18,26.315,0,2198.18985,692.479225,1,0,1,0,1,0,0,0,0,0,1,0
19,28.6,5,4687.797,817.96,1,0,1,0,0,0,0,1,0,0,1,0
63,28.31,0,13770.0979,801.4560999999999,0,1,1,0,0,1,0,0,0,0,1,0
28,36.4,1,51194.55914,1324.9599999999998,0,1,0,1,0,0,0,1,0,0,0,1
19,20.425,0,1625.43375,417.180625,0,1,1,0,0,1,0,0,0,1,0,0
62,32.965,3,15612.19335,1086.6912250000003,1,0,1,0,0,1,0,0,0,0,0,1
26,20.8,0,2302.3,432.64000000000004,0,1,1,0,0,0,0,1,0,1,0,0
35,36.67,1,39774.2763,1344.6889,0,1,0,1,1,0,0,0,0,0,0,1
60,39.9,0,48173.361,1592.01,0,1,0,1,0,0,0,1,0,0,0,1
24,26.6,0,3046.062,707.5600000000001,1,0,1,0,1,0,0,0,0,0,1,0
31,36.63,2,4949.7587,1341.7569,1,0,1,0,0,0,1,0,0,0,0,1
41,21.78,1,6272.4772,474.36840000000007,0,1,1,0,0,0,1,0,0,1,0,0
37,30.8,2,6313.759,948.6400000000001,1,0,1,0,0,0,1,0,0,0,0,1
38,37.05,1,6079.6715,1372.7024999999999,0,1,1,0,1,0,0,0,0,0,0,1
55,37.3,0,20630.28351,1391.2899999999997,0,1,1,0,0,0,0,1,0,0,0,1
18,38.665,2,3393.35635,1494.982225,1,0,1,0,1,0,0,0,0,0,0,1
28,34.77,0,3556.9223,1208.9529000000002,1,0,1,0,0,1,0,0,0,0,0,1
60,24.53,0,12629.8967,601.7209,1,0,1,0,0,0,1,0,0,1,0,0
36,35.2,1,38709.176,1239.0400000000002,0,1,0,1,0,0,1,0,0,0,0,1
18,35.625,0,2211.13075,1269.140625,1,0,1,0,1,0,0,0,0,0,0,1
21,33.63,2,3579.8287,1130.9769000000001,1,0,1,0,0,1,0,0,0,0,0,1
48,28.0,1,23568.272,784.0,0,1,0,1,0,0,0,1,0,0,1,0
36,34.43,0,37742.5757,1185.4249,0,1,0,1,0,0,1,0,0,0,0,1
40,28.69,3,8059.6791,823.1161000000001,1,0,1,0,0,1,0,0,0,0,1,0
58,36.955,2,47496.49445,1365.6720249999998,0,1,0,1,0,1,0,0,0,0,0,1
58,31.825,2,13607.36875,1012.8306249999999,1,0,1,0,1,0,0,0,0,0,0,1
18,31.68,2,34303.1672,1003.6224,0,1,0,1,0,0,1,0,0,0,0,1
53,22.88,1,23244.7902,523.4943999999999,1,0,0,1,0,0,1,0,0,1,0,0
34,37.335,2,5989.52365,1393.902225,1,0,1,0,0,1,0,0,0,0,0,1
43,27.36,3,8606.2174,748.5695999999999,0,1,1,0,1,0,0,0,0,0,1,0
25,33.66,4,4504.6624,1132.9955999999997,0,1,1,0,0,0,1,0,0,0,0,1
64,24.7,1,30166.61817,610.0899999999999,0,1,1,0,0,1,0,0,0,1,0,0
28,25.935,1,4133.64165,672.6242249999999,1,0,1,0,0,1,0,0,0,0,1,0
20,22.42,0,14711.7438,502.6564000000001,1,0,0,1,0,1,0,0,0,1,0,0
19,28.9,0,1743.214,835.2099999999999,1,0,1,0,0,0,0,1,0,0,1,0
61,39.1,2,14235.072,1528.8100000000002,1,0,1,0,0,0,0,1,0,0,0,1
40,26.315,1,6389.37785,692.479225,0,1,1,0,0,1,0,0,0,0,1,0
40,36.19,0,5920.1041,1309.7160999999999,1,0,1,0,0,0,1,0,0,0,0,1
28,23.98,3,17663.1442,575.0404,0,1,0,1,0,0,1,0,0,1,0,0
27,24.75,0,16577.7795,612.5625,1,0,0,1,0,0,1,0,0,1,0,0
31,28.5,5,6799.458,812.25,0,1,1,0,1,0,0,0,0,0,1,0
53,28.1,3,11741.726,789.6100000000001,1,0,1,0,0,0,0,1,0,0,1,0
58,32.01,1,11946.6259,1024.6400999999998,0,1,1,0,0,0,1,0,0,0,0,1
44,27.4,2,7726.854,750.7599999999999,0,1,1,0,0,0,0,1,0,0,1,0
57,34.01,0,11356.6609,1156.6800999999998,0,1,1,0,0,1,0,0,0,0,0,1
29,29.59,1,3947.4131,875.5681,1,0,1,0,0,0,1,0,0,0,1,0
21,35.53,0,1532.4697,1262.3809,0,1,1,0,0,0,1,0,0,0,0,1
22,39.805,0,2755.02095,1584.438025,1,0,1,0,1,0,0,0,0,0,0,1
41,32.965,0,6571.02435,1086.6912250000003,1,0,1,0,0,1,0,0,0,0,0,1
31,26.885,1,4441.21315,722.8032250000001,0,1,1,0,1,0,0,0,0,0,1,0
45,38.285,0,7935.29115,1465.7412249999998,1,0,1,0,1,0,0,0,0,0,0,1
22,37.62,1,37165.1638,1415.2643999999998,0,1,0,1,0,0,1,0,0,0,0,1
48,41.23,4,11033.6617,1699.9128999999998,1,0,1,0,0,1,0,0,0,0,0,1
37,34.8,2,39836.519,1211.0399999999997,1,0,0,1,0,0,0,1,0,0,0,1
45,22.895,2,21098.55405,524.181025,0,1,0,1,0,1,0,0,0,1,0,0
57,31.16,0,43578.9394,970.9456,1,0,0,1,0,1,0,0,0,0,0,1
56,27.2,0,11073.176,739.8399999999999,1,0,1,0,0,0,0,1,0,0,1,0
46,27.74,0,8026.6666,769.5075999999999,1,0,1,0,0,1,0,0,0,0,1,0
55,26.98,0,11082.5772,727.9204,1,0,1,0,0,1,0,0,0,0,1,0
21,39.49,0,2026.9741,1559.4601000000002,1,0,1,0,0,0,1,0,0,0,0,1
53,24.795,1,10942.13205,614.7920250000001,1,0,1,0,0,1,0,0,0,1,0,0
59,29.83,3,30184.9367,889.8288999999999,0,1,0,1,1,0,0,0,0,0,1,0
35,34.77,2,5729.0053,1208.9529000000002,0,1,1,0,0,1,0,0,0,0,0,1
64,31.3,2,47291.055,979.69,1,0,0,1,0,0,0,1,0,0,0,1
28,37.62,1,3766.8838,1415.2643999999998,1,0,1,0,0,0,1,0,0,0,0,1
54,30.8,3,12105.32,948.6400000000001,1,0,1,0,0,0,0,1,0,0,0,1
55,38.28,0,10226.2842,1465.3584,0,1,1,0,0,0,1,0,0,0,0,1
56,19.95,0,22412.6485,398.0025,0,1,0,1,1,0,0,0,0,1,0,0
38,19.3,0,15820.699,372.49,0,1,0,1,0,0,0,1,0,1,0,0
41,31.6,0,6186.127,998.5600000000001,1,0,1,0,0,0,0,1,0,0,0,1
30,25.46,0,3645.0894,648.2116000000001,0,1,1,0,1,0,0,0,0,0,1,0
18,30.115,0,21344.8467,906.9132249999999,1,0,1,0,1,0,0,0,0,0,0,1
61,29.92,3,30942.1918,895.2064000000001,1,0,0,1,0,0,1,0,0,0,1,0
34,27.5,1,5003.853,756.25,1,0,1,0,0,0,0,1,0,0,1,0
20,28.025,1,17560.37975,785.4006249999999,0,1,0,1,0,1,0,0,0,0,1,0
19,28.4,1,2331.519,806.56,1,0,1,0,0,0,0,1,0,0,1,0
26,30.875,2,3877.30425,953.265625,0,1,1,0,0,1,0,0,0,0,0,1
29,27.94,0,2867.1196,780.6436000000001,0,1,1,0,0,0,1,0,0,0,1,0
63,35.09,0,47055.5321,1231.3081000000002,0,1,0,1,0,0,1,0,0,0,0,1
54,33.63,1,10825.2537,1130.9769000000001,0,1,1,0,0,1,0,0,0,0,0,1
55,29.7,2,11881.358,882.0899999999999,1,0,1,0,0,0,0,1,0,0,1,0
37,30.8,0,4646.759,948.6400000000001,0,1,1,0,0,0,0,1,0,0,0,1
21,35.72,0,2404.7338,1275.9184,1,0,1,0,0,1,0,0,0,0,0,1
52,32.205,3,11488.31695,1037.1620249999999,0,1,1,0,1,0,0,0,0,0,0,1
60,28.595,0,30259.99556,817.6740249999999,0,1,1,0,1,0,0,0,0,0,1,0
58,49.06,0,11381.3254,2406.8836,0,1,1,0,0,0,1,0,0,0,0,1
29,27.94,1,19107.7796,780.6436000000001,1,0,0,1,0,0,1,0,0,0,1,0
49,27.17,0,8601.3293,738.2089000000001,1,0,1,0,0,0,1,0,0,0,1,0
37,23.37,2,6686.4313,546.1569000000001,1,0,1,0,0,1,0,0,0,1,0,0
44,37.1,2,7740.337,1376.41,0,1,1,0,0,0,0,1,0,0,0,1
18,23.75,0,1705.6245,564.0625,0,1,1,0,1,0,0,0,0,1,0,0
20,28.975,0,2257.47525,839.5506250000001,1,0,1,0,0,1,0,0,0,0,1,0
44,31.35,1,39556.4945,982.8225000000001,0,1,0,1,1,0,0,0,0,0,0,1
47,33.915,3,10115.00885,1150.2272249999999,1,0,1,0,0,1,0,0,0,0,0,1
26,28.785,0,3385.39915,828.576225,1,0,1,0,1,0,0,0,0,0,1,0
19,28.3,0,17081.08,800.89,1,0,0,1,0,0,0,1,0,0,1,0
52,37.4,0,9634.538,1398.76,1,0,1,0,0,0,0,1,0,0,0,1
32,17.765,2,32734.1863,315.595225,1,0,0,1,0,1,0,0,1,0,0,0
38,34.7,2,6082.405,1204.0900000000001,0,1,1,0,0,0,0,1,0,0,0,1
59,26.505,0,12815.44495,702.5150249999999,1,0,1,0,1,0,0,0,0,0,1,0
61,22.04,0,13616.3586,485.7616,1,0,1,0,1,0,0,0,0,1,0,0
53,35.9,2,11163.568,1288.81,1,0,1,0,0,0,0,1,0,0,0,1
19,25.555,0,1632.56445,653.0580249999999,0,1,1,0,0,1,0,0,0,0,1,0
20,28.785,0,2457.21115,828.576225,1,0,1,0,1,0,0,0,0,0,1,0
22,28.05,0,2155.6815,786.8025,1,0,1,0,0,0,1,0,0,0,1,0
19,34.1,0,1261.442,1162.8100000000002,0,1,1,0,0,0,0,1,0,0,0,1
22,25.175,0,2045.68525,633.780625,0,1,1,0,0,1,0,0,0,0,1,0
54,31.9,3,27322.73386,1017.6099999999999,1,0,1,0,0,0,1,0,0,0,0,1
22,36.0,0,2166.732,1296.0,1,0,1,0,0,0,0,1,0,0,0,1
34,22.42,2,27375.90478,502.6564000000001,0,1,1,0,1,0,0,0,0,1,0,0
26,32.49,1,3490.5491,1055.6001,0,1,1,0,1,0,0,0,0,0,0,1
34,25.3,2,18972.495,640.09,0,1,0,1,0,0,1,0,0,0,1,0
29,29.735,2,18157.876,884.170225,0,1,1,0,0,1,0,0,0,0,1,0
30,28.69,3,20745.9891,823.1161000000001,0,1,0,1,0,1,0,0,0,0,1,0
29,38.83,3,5138.2567,1507.7688999999998,1,0,1,0,0,0,1,0,0,0,0,1
46,30.495,3,40720.55105,929.9450250000001,0,1,0,1,0,1,0,0,0,0,0,1
51,37.73,1,9877.6077,1423.5528999999997,1,0,1,0,0,0,1,0,0,0,0,1
53,37.43,1,10959.6947,1401.0049,1,0,1,0,0,1,0,0,0,0,0,1
19,28.4,1,1842.519,806.56,0,1,1,0,0,0,0,1,0,0,1,0
35,24.13,1,5125.2157,582.2569,0,1,1,0,0,1,0,0,0,1,0,0
48,29.7,0,7789.635,882.0899999999999,0,1,1,0,0,0,1,0,0,0,1,0
32,37.145,3,6334.34355,1379.7510250000003,1,0,1,0,1,0,0,0,0,0,0,1
42,23.37,0,19964.7463,546.1569000000001,1,0,0,1,1,0,0,0,0,1,0,0
40,25.46,1,7077.1894,648.2116000000001,1,0,1,0,1,0,0,0,0,0,1,0
44,39.52,0,6948.7008,1561.8304000000003,0,1,1,0,0,1,0,0,0,0,0,1
48,24.42,0,21223.6758,596.3364000000001,0,1,0,1,0,0,1,0,0,1,0,0
18,25.175,0,15518.18025,633.780625,0,1,0,1,1,0,0,0,0,0,1,0
30,35.53,0,36950.2567,1262.3809,0,1,0,1,0,0,1,0,0,0,0,1
50,27.83,3,19749.38338,774.5088999999999,1,0,1,0,0,0,1,0,0,0,1,0
42,26.6,0,21348.706,707.5600000000001,1,0,0,1,0,1,0,0,0,0,1,0
18,36.85,0,36149.4835,1357.9225000000001,1,0,0,1,0,0,1,0,0,0,0,1
54,39.6,1,10450.552,1568.16,0,1,1,0,0,0,0,1,0,0,0,1
32,29.8,2,5152.134,888.0400000000001,1,0,1,0,0,0,0,1,0,0,1,0
37,29.64,0,5028.1466,878.5296000000001,0,1,1,0,0,1,0,0,0,0,1,0
47,28.215,4,10407.08585,796.086225,0,1,1,0,1,0,0,0,0,0,1,0
20,37.0,5,4830.63,1369.0,1,0,1,0,0,0,0,1,0,0,0,1
32,33.155,3,6128.79745,1099.2540250000002,1,0,1,0,0,1,0,0,0,0,0,1
19,31.825,1,2719.27975,1012.8306249999999,1,0,1,0,0,1,0,0,0,0,0,1
27,18.905,3,4827.90495,357.39902500000005,0,1,1,0,1,0,0,0,0,1,0,0
63,41.47,0,13405.3903,1719.7609,0,1,1,0,0,0,1,0,0,0,0,1
49,30.3,0,8116.68,918.09,0,1,1,0,0,0,0,1,0,0,0,1
18,15.96,0,1694.7964,254.72160000000002,0,1,1,0,1,0,0,0,1,0,0,0
35,34.8,1,5246.047,1211.0399999999997,1,0,1,0,0,0,0,1,0,0,0,1
24,33.345,0,2855.43755,1111.889025,1,0,1,0,0,1,0,0,0,0,0,1
63,37.7,0,48824.45,1421.2900000000002,1,0,0,1,0,0,0,1,0,0,0,1
38,27.835,2,6455.86265,774.787225,0,1,1,0,0,1,0,0,0,0,1,0
54,29.2,1,10436.096,852.64,0,1,1,0,0,0,0,1,0,0,1,0
46,28.9,2,8823.279,835.2099999999999,1,0,1,0,0,0,0,1,0,0,1,0
41,33.155,3,8538.28845,1099.2540250000002,1,0,1,0,1,0,0,0,0,0,0,1
58,28.595,0,11735.87905,817.6740249999999,0,1,1,0,0,1,0,0,0,0,1,0
18,38.28,0,1631.8212,1465.3584,1,0,1,0,0,0,1,0,0,0,0,1
22,19.95,3,4005.4225,398.0025,0,1,1,0,1,0,0,0,0,1,0,0
44,26.41,0,7419.4779,697.4881,1,0,1,0,0,1,0,0,0,0,1,0
44,30.69,2,7731.4271,941.8761000000001,0,1,1,0,0,0,1,0,0,0,0,1
36,41.895,3,43753.33705,1755.1910250000003,0,1,0,1,1,0,0,0,0,0,0,1
26,29.92,2,3981.9768,895.2064000000001,1,0,1,0,0,0,1,0,0,0,1,0
30,30.9,3,5325.651,954.81,1,0,1,0,0,0,0,1,0,0,0,1
41,32.2,1,6775.961,1036.8400000000001,1,0,1,0,0,0,0,1,0,0,0,1
29,32.11,2,4922.9159,1031.0520999999999,1,0,1,0,0,1,0,0,0,0,0,1
61,31.57,0,12557.6053,996.6649,0,1,1,0,0,0,1,0,0,0,0,1
36,26.2,0,4883.866,686.4399999999999,1,0,1,0,0,0,0,1,0,0,1,0
25,25.74,0,2137.6536,662.5475999999999,0,1,1,0,0,0,1,0,0,0,1,0
56,26.6,1,12044.342,707.5600000000001,1,0,1,0,0,1,0,0,0,0,1,0
18,34.43,0,1137.4697,1185.4249,0,1,1,0,0,0,1,0,0,0,0,1
19,30.59,0,1639.5631,935.7481,0,1,1,0,0,1,0,0,0,0,0,1
39,32.8,0,5649.715,1075.84,1,0,1,0,0,0,0,1,0,0,0,1
45,28.6,2,8516.829,817.96,1,0,1,0,0,0,1,0,0,0,1,0
51,18.05,0,9644.2525,325.8025,1,0,1,0,0,1,0,0,1,0,0,0
64,39.33,0,14901.5167,1546.8489,1,0,1,0,1,0,0,0,0,0,0,1
19,32.11,0,2130.6759,1031.0520999999999,1,0,1,0,0,1,0,0,0,0,0,1
48,32.23,1,8871.1517,1038.7728999999997,1,0,1,0,0,0,1,0,0,0,0,1
60,24.035,0,13012.20865,577.681225,1,0,1,0,0,1,0,0,0,1,0,0
27,36.08,0,37133.8982,1301.7664,1,0,0,1,0,0,1,0,0,0,0,1
46,22.3,0,7147.105,497.29,0,1,1,0,0,0,0,1,0,1,0,0
28,28.88,1,4337.7352,834.0544,1,0,1,0,1,0,0,0,0,0,1,0
59,26.4,0,11743.299,696.9599999999999,0,1,1,0,0,0,1,0,0,0,1,0
35,27.74,2,20984.0936,769.5075999999999,0,1,0,1,1,0,0,0,0,0,1,0
63,31.8,0,13880.949,1011.24,1,0,1,0,0,0,0,1,0,0,0,1
40,41.23,1,6610.1097,1699.9128999999998,0,1,1,0,1,0,0,0,0,0,0,1
20,33.0,1,1980.07,1089.0,0,1,1,0,0,0,0,1,0,0,0,1
40,30.875,4,8162.71625,953.265625,0,1,1,0,0,1,0,0,0,0,0,1
24,28.5,2,3537.703,812.25,0,1,1,0,0,1,0,0,0,0,1,0
34,26.73,1,5002.7827,714.4929000000001,1,0,1,0,0,0,1,0,0,0,1,0
45,30.9,2,8520.026,954.81,1,0,1,0,0,0,0,1,0,0,0,1
41,37.1,2,7371.772,1376.41,1,0,1,0,0,0,0,1,0,0,0,1
53,26.6,0,10355.641,707.5600000000001,1,0,1,0,0,1,0,0,0,0,1,0
27,23.1,0,2483.736,533.61,0,1,1,0,0,0,1,0,0,1,0,0
26,29.92,1,3392.9768,895.2064000000001,1,0,1,0,0,0,1,0,0,0,1,0
24,23.21,0,25081.76784,538.7041,1,0,1,0,0,0,1,0,0,1,0,0
34,33.7,1,5012.471,1135.6900000000003,1,0,1,0,0,0,0,1,0,0,0,1
53,33.25,0,10564.8845,1105.5625,1,0,1,0,1,0,0,0,0,0,0,1
32,30.8,3,5253.524,948.6400000000001,0,1,1,0,0,0,0,1,0,0,0,1
19,34.8,0,34779.615,1211.0399999999997,0,1,0,1,0,0,0,1,0,0,0,1
42,24.64,0,19515.5416,607.1296,0,1,0,1,0,0,1,0,0,1,0,0
55,33.88,3,11987.1682,1147.8544000000002,0,1,1,0,0,0,1,0,0,0,0,1
28,38.06,0,2689.4954,1448.5636000000002,0,1,1,0,0,0,1,0,0,0,0,1
58,41.91,0,24227.33724,1756.4480999999996,1,0,1,0,0,0,1,0,0,0,0,1
41,31.635,1,7358.17565,1000.7732250000001,1,0,1,0,1,0,0,0,0,0,0,1
47,25.46,2,9225.2564,648.2116000000001,0,1,1,0,1,0,0,0,0,0,1,0
42,36.195,1,7443.64305,1310.078025,1,0,1,0,0,1,0,0,0,0,0,1
59,27.83,3,14001.2867,774.5088999999999,1,0,1,0,0,0,1,0,0,0,1,0
19,17.8,0,1727.785,316.84000000000003,1,0,1,0,0,0,0,1,1,0,0,0
59,27.5,1,12333.828,756.25,0,1,1,0,0,0,0,1,0,0,1,0
39,24.51,2,6710.1919,600.7401000000001,0,1,1,0,0,1,0,0,0,1,0,0
40,22.22,2,19444.2658,493.72839999999997,1,0,0,1,0,0,1,0,0,1,0,0
18,26.73,0,1615.7667,714.4929000000001,1,0,1,0,0,0,1,0,0,0,1,0
31,38.39,2,4463.2051,1473.7921000000001,0,1,1,0,0,0,1,0,0,0,0,1
19,29.07,0,17352.6803,845.0649,0,1,0,1,0,1,0,0,0,0,1,0
44,38.06,1,7152.6714,1448.5636000000002,0,1,1,0,0,0,1,0,0,0,0,1
23,36.67,2,38511.6283,1344.6889,1,0,0,1,1,0,0,0,0,0,0,1
33,22.135,1,5354.07465,489.9582250000001,1,0,1,0,1,0,0,0,0,1,0,0
55,26.8,1,35160.13457,718.24,1,0,1,0,0,0,0,1,0,0,1,0
40,35.3,3,7196.867,1246.0899999999997,0,1,1,0,0,0,0,1,0,0,0,1
63,27.74,0,29523.1656,769.5075999999999,1,0,0,1,1,0,0,0,0,0,1,0
54,30.02,0,24476.47851,901.2004,0,1,1,0,0,1,0,0,0,0,0,1
60,38.06,0,12648.7034,1448.5636000000002,1,0,1,0,0,0,1,0,0,0,0,1
24,35.86,0,1986.9334,1285.9396,0,1,1,0,0,0,1,0,0,0,0,1
19,20.9,1,1832.094,436.80999999999995,0,1,1,0,0,0,0,1,0,1,0,0
29,28.975,1,4040.55825,839.5506250000001,0,1,1,0,1,0,0,0,0,0,1,0
18,17.29,2,12829.4551,298.9441,0,1,0,1,1,0,0,0,1,0,0,0
63,32.2,2,47305.305,1036.8400000000001,1,0,0,1,0,0,0,1,0,0,0,1
54,34.21,2,44260.7499,1170.3241,0,1,0,1,0,0,1,0,0,0,0,1
27,30.3,3,4260.744,918.09,0,1,1,0,0,0,0,1,0,0,0,1
50,31.825,0,41097.16175,1012.8306249999999,0,1,0,1,1,0,0,0,0,0,0,1
55,25.365,3,13047.33235,643.3832249999999,1,0,1,0,1,0,0,0,0,0,1,0
56,33.63,0,43921.1837,1130.9769000000001,0,1,0,1,0,1,0,0,0,0,0,1
38,40.15,0,5400.9805,1612.0224999999998,1,0,1,0,0,0,1,0,0,0,0,1
51,24.415,4,11520.09985,596.092225,0,1,1,0,0,1,0,0,0,1,0,0
19,31.92,0,33750.2918,1018.8864000000001,0,1,0,1,0,1,0,0,0,0,0,1
58,25.2,0,11837.16,635.04,1,0,1,0,0,0,0,1,0,0,1,0
20,26.84,1,17085.2676,720.3856,1,0,0,1,0,0,1,0,0,0,1,0
52,24.32,3,24869.8368,591.4624,0,1,0,1,1,0,0,0,0,1,0,0
19,36.955,0,36219.40545,1365.6720249999998,0,1,0,1,0,1,0,0,0,0,0,1
53,38.06,3,20462.99766,1448.5636000000002,1,0,1,0,0,0,1,0,0,0,0,1
46,42.35,3,46151.1245,1793.5225,0,1,0,1,0,0,1,0,0,0,0,1
40,19.8,1,17179.522,392.04,0,1,0,1,0,0,1,0,0,1,0,0
59,32.395,3,14590.63205,1049.4360250000002,1,0,1,0,1,0,0,0,0,0,0,1
45,30.2,1,7441.053,912.04,0,1,1,0,0,0,0,1,0,0,0,1
49,25.84,1,9282.4806,667.7056,0,1,1,0,1,0,0,0,0,0,1,0
18,29.37,1,1719.4363,862.5969,0,1,1,0,0,0,1,0,0,0,1,0
50,34.2,2,42856.838,1169.64,0,1,0,1,0,0,0,1,0,0,0,1
41,37.05,2,7265.7025,1372.7024999999999,0,1,1,0,0,1,0,0,0,0,0,1
50,27.455,1,9617.66245,753.7770249999999,0,1,1,0,1,0,0,0,0,0,1,0
25,27.55,0,2523.1695,759.0025,0,1,1,0,0,1,0,0,0,0,1,0
47,26.6,2,9715.841,707.5600000000001,1,0,1,0,1,0,0,0,0,0,1,0
19,20.615,2,2803.69785,424.97822499999995,0,1,1,0,0,1,0,0,0,1,0,0
22,24.3,0,2150.469,590.49,1,0,1,0,0,0,0,1,0,1,0,0
59,31.79,2,12928.7911,1010.6040999999999,0,1,1,0,0,0,1,0,0,0,0,1
51,21.56,1,9855.1314,464.83359999999993,1,0,1,0,0,0,1,0,0,1,0,0
40,28.12,1,22331.5668,790.7344,1,0,0,1,1,0,0,0,0,0,1,0
54,40.565,3,48549.17835,1645.5192249999998,0,1,0,1,1,0,0,0,0,0,0,1
30,27.645,1,4237.12655,764.246025,0,1,1,0,1,0,0,0,0,0,1,0
55,32.395,1,11879.10405,1049.4360250000002,1,0,1,0,1,0,0,0,0,0,0,1
52,31.2,0,9625.92,973.4399999999999,1,0,1,0,0,0,0,1,0,0,0,1
46,26.62,1,7742.1098,708.6244,0,1,1,0,0,0,1,0,0,0,1,0
46,48.07,2,9432.9253,2310.7249,1,0,1,0,1,0,0,0,0,0,0,1
63,26.22,0,14256.1928,687.4884,1,0,1,0,0,1,0,0,0,0,1,0
59,36.765,1,47896.79135,1351.665225,1,0,0,1,1,0,0,0,0,0,0,1
52,26.4,3,25992.82104,696.9599999999999,0,1,1,0,0,0,1,0,0,0,1,0
28,33.4,0,3172.018,1115.56,1,0,1,0,0,0,0,1,0,0,0,1
29,29.64,1,20277.80751,878.5296000000001,0,1,1,0,1,0,0,0,0,0,1,0
25,45.54,2,42112.2356,2073.8916,0,1,0,1,0,0,1,0,0,0,0,1
22,28.82,0,2156.7518,830.5924,1,0,1,0,0,0,1,0,0,0,1,0
25,26.8,3,3906.127,718.24,0,1,1,0,0,0,0,1,0,0,1,0
18,22.99,0,1704.5681,528.5400999999999,0,1,1,0,1,0,0,0,0,1,0,0
19,27.7,0,16297.846,767.29,0,1,0,1,0,0,0,1,0,0,1,0
47,25.41,1,21978.6769,645.6681,0,1,0,1,0,0,1,0,0,0,1,0
31,34.39,3,38746.3551,1182.6721,0,1,0,1,0,1,0,0,0,0,0,1
48,28.88,1,9249.4952,834.0544,1,0,1,0,0,1,0,0,0,0,1,0
36,27.55,3,6746.7425,759.0025,0,1,1,0,1,0,0,0,0,0,1,0
53,22.61,3,24873.3849,511.21209999999996,1,0,0,1,1,0,0,0,0,1,0,0
56,37.51,2,12265.5069,1407.0000999999997,1,0,1,0,0,0,1,0,0,0,0,1
28,33.0,2,4349.462,1089.0,1,0,1,0,0,0,1,0,0,0,0,1
57,38.0,2,12646.207,1444.0,1,0,1,0,0,0,0,1,0,0,0,1
29,33.345,2,19442.3535,1111.889025,0,1,1,0,0,1,0,0,0,0,0,1
28,27.5,2,20177.67113,756.25,1,0,1,0,0,0,0,1,0,0,1,0
30,33.33,1,4151.0287,1110.8889,1,0,1,0,0,0,1,0,0,0,0,1
58,34.865,0,11944.59435,1215.5682250000002,0,1,1,0,1,0,0,0,0,0,0,1
41,33.06,2,7749.1564,1092.9636,1,0,1,0,0,1,0,0,0,0,0,1
50,26.6,0,8444.474,707.5600000000001,0,1,1,0,0,0,0,1,0,0,1,0
19,24.7,0,1737.376,610.0899999999999,1,0,1,0,0,0,0,1,0,1,0,0
43,35.97,3,42124.5153,1293.8409,0,1,0,1,0,0,1,0,0,0,0,1
49,35.86,0,8124.4084,1285.9396,0,1,1,0,0,0,1,0,0,0,0,1
27,31.4,0,34838.873,985.9599999999999,1,0,0,1,0,0,0,1,0,0,0,1
52,33.25,0,9722.7695,1105.5625,0,1,1,0,1,0,0,0,0,0,0,1
50,32.205,0,8835.26495,1037.1620249999999,0,1,1,0,0,1,0,0,0,0,0,1
54,32.775,0,10435.06525,1074.200625,0,1,1,0,1,0,0,0,0,0,0,1
44,27.645,0,7421.19455,764.246025,1,0,1,0,0,1,0,0,0,0,1,0
32,37.335,1,4667.60765,1393.902225,0,1,1,0,1,0,0,0,0,0,0,1
34,25.27,1,4894.7533,638.5729,0,1,1,0,0,1,0,0,0,0,1,0
26,29.64,4,24671.66334,878.5296000000001,1,0,1,0,1,0,0,0,0,0,1,0
34,30.8,0,35491.64,948.6400000000001,0,1,0,1,0,0,0,1,0,0,0,1
57,40.945,0,11566.30055,1676.493025,0,1,1,0,1,0,0,0,0,0,0,1
29,27.2,0,2866.091,739.8399999999999,0,1,1,0,0,0,0,1,0,0,1,0
40,34.105,1,6600.20595,1163.151025,0,1,1,0,1,0,0,0,0,0,0,1
27,23.21,1,3561.8889,538.7041,1,0,1,0,0,0,1,0,0,1,0,0
45,36.48,2,42760.5022,1330.7903999999999,0,1,0,1,0,1,0,0,0,0,0,1
64,33.8,1,47928.03,1142.4399999999998,1,0,0,1,0,0,0,1,0,0,0,1
52,36.7,0,9144.565,1346.89,0,1,1,0,0,0,0,1,0,0,0,1
61,36.385,1,48517.56315,1323.868225,1,0,0,1,1,0,0,0,0,0,0,1
52,27.36,0,24393.6224,748.5695999999999,0,1,0,1,0,1,0,0,0,0,1,0
61,31.16,0,13429.0354,970.9456,1,0,1,0,0,1,0,0,0,0,0,1
56,28.785,0,11658.37915,828.576225,1,0,1,0,1,0,0,0,0,0,1,0
43,35.72,2,19144.57652,1275.9184,1,0,1,0,1,0,0,0,0,0,0,1
64,34.5,0,13822.803,1190.25,0,1,1,0,0,0,0,1,0,0,0,1
60,25.74,0,12142.5786,662.5475999999999,0,1,1,0,0,0,1,0,0,0,1,0
62,27.55,1,13937.6665,759.0025,0,1,1,0,0,1,0,0,0,0,1,0
50,32.3,1,41919.097,1043.2899999999997,0,1,0,1,1,0,0,0,0,0,0,1
46,27.72,1,8232.6388,768.3983999999999,1,0,1,0,0,0,1,0,0,0,1,0
24,27.6,0,18955.22017,761.7600000000001,1,0,1,0,0,0,0,1,0,0,1,0
62,30.02,0,13352.0998,901.2004,0,1,1,0,0,1,0,0,0,0,0,1
60,27.55,0,13217.0945,759.0025,1,0,1,0,1,0,0,0,0,0,1,0
63,36.765,0,13981.85035,1351.665225,0,1,1,0,1,0,0,0,0,0,0,1
49,41.47,4,10977.2063,1719.7609,1,0,1,0,0,0,1,0,0,0,0,1
34,29.26,3,6184.2994,856.1476000000001,1,0,1,0,0,0,1,0,0,0,1,0
33,35.75,2,4889.9995,1278.0625,0,1,1,0,0,0,1,0,0,0,0,1
46,33.345,1,8334.45755,1111.889025,0,1,1,0,1,0,0,0,0,0,0,1
36,29.92,1,5478.0368,895.2064000000001,1,0,1,0,0,0,1,0,0,0,1,0
19,27.835,0,1635.73365,774.787225,0,1,1,0,0,1,0,0,0,0,1,0
57,23.18,0,11830.6072,537.3124,1,0,1,0,0,1,0,0,0,1,0,0
50,25.6,0,8932.084,655.3600000000001,1,0,1,0,0,0,0,1,0,0,1,0
30,27.7,0,3554.203,767.29,1,0,1,0,0,0,0,1,0,0,1,0
33,35.245,0,12404.8791,1242.2100249999999,0,1,1,0,1,0,0,0,0,0,0,1
18,38.28,0,14133.03775,1465.3584,1,0,1,0,0,0,1,0,0,0,0,1
46,27.6,0,24603.04837,761.7600000000001,0,1,1,0,0,0,0,1,0,0,1,0
46,43.89,3,8944.1151,1926.3321,0,1,1,0,0,0,1,0,0,0,0,1
47,29.83,3,9620.3307,889.8288999999999,0,1,1,0,0,1,0,0,0,0,1,0
23,41.91,0,1837.2819,1756.4480999999996,0,1,1,0,0,0,1,0,0,0,0,1
18,20.79,0,1607.5101,432.22409999999996,1,0,1,0,0,0,1,0,0,1,0,0
48,32.3,2,10043.249,1043.2899999999997,1,0,1,0,1,0,0,0,0,0,0,1
35,30.5,1,4751.07,930.25,0,1,1,0,0,0,0,1,0,0,0,1
19,21.7,0,13844.506,470.89,1,0,0,1,0,0,0,1,0,1,0,0
21,26.4,1,2597.779,696.9599999999999,1,0,1,0,0,0,0,1,0,0,1,0
21,21.89,2,3180.5101,479.1721,1,0,1,0,0,0,1,0,0,1,0,0
49,30.78,1,9778.3472,947.4084,1,0,1,0,1,0,0,0,0,0,0,1
56,32.3,3,13430.265,1043.2899999999997,1,0,1,0,1,0,0,0,0,0,0,1
42,24.985,2,8017.06115,624.250225,1,0,1,0,0,1,0,0,0,1,0,0
44,32.015,2,8116.26885,1024.960225,0,1,1,0,0,1,0,0,0,0,0,1
18,30.4,3,3481.868,924.16,0,1,1,0,1,0,0,0,0,0,0,1
61,21.09,0,13415.0381,444.7881,1,0,1,0,0,1,0,0,0,1,0,0
57,22.23,0,12029.2867,494.1729,1,0,1,0,1,0,0,0,0,1,0,0
42,33.155,1,7639.41745,1099.2540250000002,1,0,1,0,1,0,0,0,0,0,0,1
26,32.9,2,36085.219,1082.4099999999999,0,1,0,1,0,0,0,1,0,0,0,1
20,33.33,0,1391.5287,1110.8889,0,1,1,0,0,0,1,0,0,0,0,1
23,28.31,0,18033.9679,801.4560999999999,1,0,0,1,0,1,0,0,0,0,1,0
39,24.89,3,21659.9301,619.5121,1,0,0,1,1,0,0,0,0,1,0,0
24,40.15,0,38126.2465,1612.0224999999998,0,1,0,1,0,0,1,0,0,0,0,1
64,30.115,3,16455.70785,906.9132249999999,1,0,1,0,0,1,0,0,0,0,0,1
62,31.46,1,27000.98473,989.7316000000001,0,1,1,0,0,0,1,0,0,0,0,1
27,17.955,2,15006.57945,322.38202499999994,1,0,0,1,1,0,0,0,1,0,0,0
55,30.685,0,42303.69215,941.569225,0,1,0,1,1,0,0,0,0,0,0,1
55,33.0,0,20781.48892,1089.0,0,1,1,0,0,0,1,0,0,0,0,1
35,43.34,2,5846.9176,1878.3556000000003,1,0,1,0,0,0,1,0,0,0,0,1
44,22.135,2,8302.53565,489.9582250000001,0,1,1,0,1,0,0,0,0,1,0,0
19,34.4,0,1261.859,1183.36,0,1,1,0,0,0,0,1,0,0,0,1
58,39.05,0,11856.4115,1524.9024999999997,1,0,1,0,0,0,1,0,0,0,0,1
50,25.365,2,30284.64294,643.3832249999999,0,1,1,0,0,1,0,0,0,0,1,0
26,22.61,0,3176.8159,511.21209999999996,1,0,1,0,0,1,0,0,0,1,0,0
24,30.21,3,4618.0799,912.6441000000001,1,0,1,0,0,1,0,0,0,0,0,1
48,35.625,4,10736.87075,1269.140625,0,1,1,0,1,0,0,0,0,0,0,1
19,37.43,0,2138.0707,1401.0049,1,0,1,0,0,1,0,0,0,0,0,1
48,31.445,1,8964.06055,988.7880250000001,0,1,1,0,1,0,0,0,0,0,0,1
49,31.35,1,9290.1395,982.8225000000001,0,1,1,0,1,0,0,0,0,0,0,1
46,32.3,2,9411.005,1043.2899999999997,1,0,1,0,1,0,0,0,0,0,0,1
46,19.855,0,7526.70645,394.221025,0,1,1,0,0,1,0,0,0,1,0,0
43,34.4,3,8522.003,1183.36,1,0,1,0,0,0,0,1,0,0,0,1
21,31.02,0,16586.49771,962.2404,0,1,1,0,0,0,1,0,0,0,0,1
64,25.6,2,14988.432,655.3600000000001,0,1,1,0,0,0,0,1,0,0,1,0
18,38.17,0,1631.6683,1456.9489,1,0,1,0,0,0,1,0,0,0,0,1
51,20.6,0,9264.797,424.36000000000007,1,0,1,0,0,0,0,1,0,1,0,0
47,47.52,1,8083.9198,2258.1504000000004,0,1,1,0,0,0,1,0,0,0,0,1
64,32.965,0,14692.66935,1086.6912250000003,1,0,1,0,0,1,0,0,0,0,0,1
49,32.3,3,10269.46,1043.2899999999997,0,1,1,0,0,1,0,0,0,0,0,1
31,20.4,0,3260.199,416.15999999999997,0,1,1,0,0,0,0,1,0,1,0,0
52,38.38,2,11396.9002,1473.0244000000002,1,0,1,0,1,0,0,0,0,0,0,1
33,24.31,0,4185.0979,590.9761,1,0,1,0,0,0,1,0,0,1,0,0
47,23.6,1,8539.671,556.96,1,0,1,0,0,0,0,1,0,1,0,0
38,21.12,3,6652.5288,446.05440000000004,0,1,1,0,0,0,1,0,0,1,0,0
32,30.03,1,4074.4537,901.8009000000001,0,1,1,0,0,0,1,0,0,0,0,1
19,17.48,0,1621.3402,305.5504,0,1,1,0,0,1,0,0,1,0,0,0
44,20.235,1,19594.80965,409.455225,1,0,0,1,1,0,0,0,0,1,0,0
26,17.195,2,14455.64405,295.668025,1,0,0,1,1,0,0,0,1,0,0,0
25,23.9,5,5080.096,571.2099999999999,0,1,1,0,0,0,0,1,0,1,0,0
19,35.15,0,2134.9015,1235.5224999999998,1,0,1,0,0,1,0,0,0,0,0,1
43,35.64,1,7345.7266,1270.2096000000001,1,0,1,0,0,0,1,0,0,0,0,1
52,34.1,0,9140.951,1162.8100000000002,0,1,1,0,0,0,1,0,0,0,0,1
36,22.6,2,18608.262,510.76000000000005,1,0,0,1,0,0,0,1,0,1,0,0
64,39.16,1,14418.2804,1533.5055999999997,0,1,1,0,0,0,1,0,0,0,0,1
63,26.98,0,28950.4692,727.9204,1,0,0,1,0,1,0,0,0,0,1,0
64,33.88,0,46889.2612,1147.8544000000002,0,1,0,1,0,0,1,0,0,0,0,1
61,35.86,0,46599.1084,1285.9396,0,1,0,1,0,0,1,0,0,0,0,1
40,32.775,1,39125.33225,1074.200625,0,1,0,1,1,0,0,0,0,0,0,1
25,30.59,0,2727.3951,935.7481,0,1,1,0,1,0,0,0,0,0,0,1
48,30.2,2,8968.33,912.04,0,1,1,0,0,0,0,1,0,0,0,1
45,24.31,5,9788.8659,590.9761,0,1,1,0,0,0,1,0,0,1,0,0
38,27.265,1,6555.07035,743.380225,1,0,1,0,1,0,0,0,0,0,1,0
18,29.165,0,7323.734819,850.597225,1,0,1,0,1,0,0,0,0,0,1,0
21,16.815,1,3167.45585,282.74422500000003,1,0,1,0,1,0,0,0,1,0,0,0
27,30.4,3,18804.7524,924.16,1,0,1,0,0,1,0,0,0,0,0,1
19,33.1,0,23082.95533,1095.6100000000001,0,1,1,0,0,0,0,1,0,0,0,1
29,20.235,2,4906.40965,409.455225,1,0,1,0,0,1,0,0,0,1,0,0
42,26.9,0,5969.723,723.6099999999999,0,1,1,0,0,0,0,1,0,0,1,0
60,30.5,0,12638.195,930.25,1,0,1,0,0,0,0,1,0,0,0,1
31,28.595,1,4243.59005,817.6740249999999,0,1,1,0,0,1,0,0,0,0,1,0
60,33.11,3,13919.8229,1096.2721,0,1,1,0,0,0,1,0,0,0,0,1
22,31.73,0,2254.7967,1006.7929,0,1,1,0,1,0,0,0,0,0,0,1
35,28.9,3,5926.846,835.2099999999999,0,1,1,0,0,0,0,1,0,0,1,0
52,46.75,5,12592.5345,2185.5625,1,0,1,0,0,0,1,0,0,0,0,1
26,29.45,0,2897.3235,867.3025,0,1,1,0,1,0,0,0,0,0,1,0
31,32.68,1,4738.2682,1067.9823999999999,1,0,1,0,0,1,0,0,0,0,0,1
33,33.5,0,37079.372,1122.25,1,0,0,1,0,0,0,1,0,0,0,1
18,43.01,0,1149.3959,1849.8600999999999,0,1,1,0,0,0,1,0,0,0,0,1
59,36.52,1,28287.89766,1333.7104000000002,1,0,1,0,0,0,1,0,0,0,0,1
56,26.695,1,26109.32905,712.623025,0,1,0,1,0,1,0,0,0,0,1,0
45,33.1,0,7345.084,1095.6100000000001,1,0,1,0,0,0,0,1,0,0,0,1
60,29.64,0,12730.9996,878.5296000000001,0,1,1,0,1,0,0,0,0,0,1,0
56,25.65,0,11454.0215,657.9224999999999,1,0,1,0,0,1,0,0,0,0,1,0
40,29.6,0,5910.944,876.1600000000001,1,0,1,0,0,0,0,1,0,0,1,0
35,38.6,1,4762.329,1489.96,0,1,1,0,0,0,0,1,0,0,0,1
39,29.6,4,7512.267,876.1600000000001,0,1,1,0,0,0,0,1,0,0,1,0
30,24.13,1,4032.2407,582.2569,0,1,1,0,0,1,0,0,0,1,0,0
24,23.4,0,1969.614,547.56,0,1,1,0,0,0,0,1,0,1,0,0
20,29.735,0,1769.53165,884.170225,0,1,1,0,0,1,0,0,0,0,1,0
32,46.53,2,4686.3887,2165.0409,0,1,1,0,0,0,1,0,0,0,0,1
59,37.4,0,21797.0004,1398.76,0,1,1,0,0,0,0,1,0,0,0,1
55,30.14,2,11881.9696,908.4196000000001,1,0,1,0,0,0,1,0,0,0,0,1
57,30.495,0,11840.77505,929.9450250000001,1,0,1,0,0,1,0,0,0,0,0,1
56,39.6,0,10601.412,1568.16,0,1,1,0,0,0,0,1,0,0,0,1
40,33.0,3,7682.67,1089.0,1,0,1,0,0,0,1,0,0,0,0,1
49,36.63,3,10381.4787,1341.7569,1,0,1,0,0,0,1,0,0,0,0,1
42,30.0,0,22144.032,900.0,0,1,0,1,0,0,0,1,0,0,0,1
62,38.095,2,15230.32405,1451.2290249999999,1,0,1,0,1,0,0,0,0,0,0,1
56,25.935,0,11165.41765,672.6242249999999,0,1,1,0,1,0,0,0,0,0,1,0
19,25.175,0,1632.03625,633.780625,0,1,1,0,0,1,0,0,0,0,1,0
30,28.38,1,19521.9682,805.4244,1,0,0,1,0,0,1,0,0,0,1,0
60,28.7,1,13224.693,823.6899999999999,1,0,1,0,0,0,0,1,0,0,1,0
56,33.82,2,12643.3778,1143.7924,1,0,1,0,0,1,0,0,0,0,0,1
28,24.32,1,23288.9284,591.4624,1,0,1,0,1,0,0,0,0,1,0,0
18,24.09,1,2201.0971,580.3281,1,0,1,0,0,0,1,0,0,1,0,0
27,32.67,0,2497.0383,1067.3289000000002,0,1,1,0,0,0,1,0,0,0,0,1
18,30.115,0,2203.47185,906.9132249999999,1,0,1,0,1,0,0,0,0,0,0,1
19,29.8,0,1744.465,888.0400000000001,1,0,1,0,0,0,0,1,0,0,1,0
47,33.345,0,20878.78443,1111.889025,1,0,1,0,1,0,0,0,0,0,0,1
54,25.1,3,25382.297,630.0100000000001,0,1,0,1,0,0,0,1,0,0,1,0
61,28.31,1,28868.6639,801.4560999999999,0,1,0,1,0,1,0,0,0,0,1,0
24,28.5,0,35147.52848,812.25,0,1,0,1,1,0,0,0,0,0,1,0
25,35.625,0,2534.39375,1269.140625,0,1,1,0,0,1,0,0,0,0,0,1
21,36.85,0,1534.3045,1357.9225000000001,0,1,1,0,0,0,1,0,0,0,0,1
23,32.56,0,1824.2854,1060.1536,0,1,1,0,0,0,1,0,0,0,0,1
63,41.325,3,15555.18875,1707.7556250000002,0,1,1,0,0,1,0,0,0,0,0,1
49,37.51,2,9304.7019,1407.0000999999997,0,1,1,0,0,0,1,0,0,0,0,1
18,31.35,0,1622.1885,982.8225000000001,1,0,1,0,0,0,1,0,0,0,0,1
51,39.5,1,9880.068,1560.25,1,0,1,0,0,0,0,1,0,0,0,1
48,34.3,3,9563.029,1176.4899999999998,0,1,1,0,0,0,0,1,0,0,0,1
31,31.065,0,4347.02335,965.0342250000001,1,0,1,0,1,0,0,0,0,0,0,1
54,21.47,3,12475.3513,460.9608999999999,1,0,1,0,0,1,0,0,0,1,0,0
19,28.7,0,1253.936,823.6899999999999,0,1,1,0,0,0,0,1,0,0,1,0
44,38.06,0,48885.13561,1448.5636000000002,1,0,0,1,0,0,1,0,0,0,0,1
53,31.16,1,10461.9794,970.9456,0,1,1,0,0,1,0,0,0,0,0,1
19,32.9,0,1748.774,1082.4099999999999,1,0,1,0,0,0,0,1,0,0,0,1
61,25.08,0,24513.09126,629.0063999999999,1,0,1,0,0,0,1,0,0,0,1,0
18,25.08,0,2196.4732,629.0063999999999,1,0,1,0,1,0,0,0,0,0,1,0
61,43.4,0,12574.049,1883.56,0,1,1,0,0,0,0,1,0,0,0,1
21,25.7,4,17942.106,660.49,0,1,0,1,0,0,0,1,0,0,1,0
20,27.93,0,1967.0227,780.0849,0,1,1,0,1,0,0,0,0,0,1,0
31,23.6,2,4931.647,556.96,1,0,1,0,0,0,0,1,0,1,0,0
45,28.7,2,8027.968,823.6899999999999,0,1,1,0,0,0,0,1,0,0,1,0
44,23.98,2,8211.1002,575.0404,1,0,1,0,0,0,1,0,0,1,0,0
62,39.2,0,13470.86,1536.6400000000003,1,0,1,0,0,0,0,1,0,0,0,1
29,34.4,0,36197.699,1183.36,0,1,0,1,0,0,0,1,0,0,0,1
43,26.03,0,6837.3687,677.5609000000001,0,1,1,0,1,0,0,0,0,0,1,0
51,23.21,1,22218.1149,538.7041,0,1,0,1,0,0,1,0,0,1,0,0
19,30.25,0,32548.3405,915.0625,0,1,0,1,0,0,1,0,0,0,0,1
38,28.93,1,5974.3847,836.9449,1,0,1,0,0,0,1,0,0,0,1,0
37,30.875,3,6796.86325,953.265625,0,1,1,0,0,1,0,0,0,0,0,1
22,31.35,1,2643.2685,982.8225000000001,0,1,1,0,0,1,0,0,0,0,0,1
21,23.75,2,3077.0955,564.0625,0,1,1,0,0,1,0,0,0,1,0,0
24,25.27,0,3044.2133,638.5729,1,0,1,0,1,0,0,0,0,0,1,0
57,28.7,0,11455.28,823.6899999999999,1,0,1,0,0,0,0,1,0,0,1,0
56,32.11,1,11763.0009,1031.0520999999999,0,1,1,0,1,0,0,0,0,0,0,1
27,33.66,0,2498.4144,1132.9955999999997,0,1,1,0,0,0,1,0,0,0,0,1
51,22.42,0,9361.3268,502.6564000000001,0,1,1,0,1,0,0,0,0,1,0,0
19,30.4,0,1256.299,924.16,0,1,1,0,0,0,0,1,0,0,0,1
39,28.3,1,21082.16,800.89,0,1,0,1,0,0,0,1,0,0,1,0
58,35.7,0,11362.755,1274.4900000000002,0,1,1,0,0,0,0,1,0,0,0,1
20,35.31,1,27724.28875,1246.7961000000003,0,1,1,0,0,0,1,0,0,0,0,1
45,30.495,2,8413.46305,929.9450250000001,0,1,1,0,0,1,0,0,0,0,0,1
35,31.0,1,5240.765,961.0,1,0,1,0,0,0,0,1,0,0,0,1
31,30.875,0,3857.75925,953.265625,0,1,1,0,1,0,0,0,0,0,0,1
50,27.36,0,25656.57526,748.5695999999999,1,0,1,0,1,0,0,0,0,0,1,0
32,44.22,0,3994.1778,1955.4083999999998,1,0,1,0,0,0,1,0,0,0,0,1
51,33.915,0,9866.30485,1150.2272249999999,1,0,1,0,1,0,0,0,0,0,0,1
38,37.73,0,5397.6167,1423.5528999999997,1,0,1,0,0,0,1,0,0,0,0,1
42,26.07,1,38245.59327,679.6449,0,1,0,1,0,0,1,0,0,0,1,0
18,33.88,0,11482.63485,1147.8544000000002,1,0,1,0,0,0,1,0,0,0,0,1
19,30.59,2,24059.68019,935.7481,1,0,1,0,0,1,0,0,0,0,0,1
51,25.8,1,9861.025,665.64,1,0,1,0,0,0,0,1,0,0,1,0
46,39.425,1,8342.90875,1554.3306249999998,0,1,1,0,1,0,0,0,0,0,0,1
18,25.46,0,1708.0014,648.2116000000001,0,1,1,0,1,0,0,0,0,0,1,0
57,42.13,1,48675.5177,1774.9369000000002,0,1,0,1,0,0,1,0,0,0,0,1
62,31.73,0,14043.4767,1006.7929,1,0,1,0,1,0,0,0,0,0,0,1
59,29.7,2,12925.886,882.0899999999999,0,1,1,0,0,0,1,0,0,0,1,0
37,36.19,0,19214.70553,1309.7160999999999,0,1,1,0,0,0,1,0,0,0,0,1
64,40.48,0,13831.1152,1638.6303999999998,0,1,1,0,0,0,1,0,0,0,0,1
38,28.025,1,6067.12675,785.4006249999999,0,1,1,0,1,0,0,0,0,0,1,0
33,38.9,3,5972.378,1513.2099999999998,1,0,1,0,0,0,0,1,0,0,0,1
46,30.2,2,8825.086,912.04,1,0,1,0,0,0,0,1,0,0,0,1
46,28.05,1,8233.0975,786.8025,1,0,1,0,0,0,1,0,0,0,1,0
53,31.35,0,27346.04207,982.8225000000001,0,1,1,0,0,0,1,0,0,0,0,1
34,38.0,3,6196.448,1444.0,1,0,1,0,0,0,0,1,0,0,0,1
20,31.79,2,3056.3881,1010.6040999999999,1,0,1,0,0,0,1,0,0,0,0,1
63,36.3,0,13887.204,1317.6899999999998,1,0,1,0,0,0,1,0,0,0,0,1
54,47.41,0,63770.42801,2247.7081,1,0,0,1,0,0,1,0,0,0,0,1
54,30.21,0,10231.4999,912.6441000000001,0,1,1,0,0,1,0,0,0,0,0,1
49,25.84,2,23807.2406,667.7056,0,1,0,1,0,1,0,0,0,0,1,0
28,35.435,0,3268.84665,1255.6392250000001,0,1,1,0,1,0,0,0,0,0,0,1
54,46.7,2,11538.421,2180.8900000000003,1,0,1,0,0,0,0,1,0,0,0,1
25,28.595,0,3213.62205,817.6740249999999,1,0,1,0,1,0,0,0,0,0,1,0
43,46.2,0,45863.205,2134.44,1,0,0,1,0,0,1,0,0,0,0,1
63,30.8,0,13390.559,948.6400000000001,0,1,1,0,0,0,0,1,0,0,0,1
32,28.93,0,3972.9247,836.9449,1,0,1,0,0,0,1,0,0,0,1,0
62,21.4,0,12957.118,457.9599999999999,0,1,1,0,0,0,0,1,0,1,0,0
52,31.73,2,11187.6567,1006.7929,1,0,1,0,0,1,0,0,0,0,0,1
25,41.325,0,17878.90068,1707.7556250000002,1,0,1,0,1,0,0,0,0,0,0,1
28,23.8,2,3847.674,566.44,0,1,1,0,0,0,0,1,0,1,0,0
46,33.44,1,8334.5896,1118.2335999999998,0,1,1,0,1,0,0,0,0,0,0,1
34,34.21,0,3935.1799,1170.3241,0,1,1,0,0,0,1,0,0,0,0,1
35,34.105,3,39983.42595,1163.151025,1,0,0,1,0,1,0,0,0,0,0,1
19,35.53,0,1646.4297,1262.3809,0,1,1,0,0,1,0,0,0,0,0,1
46,19.95,2,9193.8385,398.0025,1,0,1,0,0,1,0,0,0,1,0,0
54,32.68,0,10923.9332,1067.9823999999999,1,0,1,0,1,0,0,0,0,0,0,1
27,30.5,0,2494.022,930.25,0,1,1,0,0,0,0,1,0,0,0,1
50,44.77,1,9058.7303,2004.3529000000003,0,1,1,0,0,0,1,0,0,0,0,1
18,32.12,2,2801.2588,1031.6943999999999,1,0,1,0,0,0,1,0,0,0,0,1
19,30.495,0,2128.43105,929.9450250000001,1,0,1,0,0,1,0,0,0,0,0,1
38,40.565,1,6373.55735,1645.5192249999998,1,0,1,0,0,1,0,0,0,0,0,1
41,30.59,2,7256.7231,935.7481,0,1,1,0,0,1,0,0,0,0,0,1
49,31.9,5,11552.904,1017.6099999999999,1,0,1,0,0,0,0,1,0,0,0,1
48,40.565,2,45702.02235,1645.5192249999998,0,1,0,1,0,1,0,0,0,0,0,1
31,29.1,0,3761.292,846.8100000000001,1,0,1,0,0,0,0,1,0,0,1,0
18,37.29,1,2219.4451,1390.5440999999998,1,0,1,0,0,0,1,0,0,0,0,1
30,43.12,2,4753.6368,1859.3343999999997,1,0,1,0,0,0,1,0,0,0,0,1
62,36.86,1,31620.00106,1358.6596,1,0,1,0,1,0,0,0,0,0,0,1
57,34.295,2,13224.05705,1176.1470250000002,1,0,1,0,1,0,0,0,0,0,0,1
58,27.17,0,12222.8983,738.2089000000001,1,0,1,0,0,1,0,0,0,0,1,0
22,26.84,0,1664.9996,720.3856,0,1,1,0,0,0,1,0,0,0,1,0
31,38.095,1,58571.07448,1451.2290249999999,1,0,0,1,1,0,0,0,0,0,0,1
52,30.2,1,9724.53,912.04,0,1,1,0,0,0,0,1,0,0,0,1
25,23.465,0,3206.49135,550.606225,1,0,1,0,1,0,0,0,0,1,0,0
59,25.46,1,12913.9924,648.2116000000001,0,1,1,0,1,0,0,0,0,0,1,0
39,45.43,2,6356.2707,2063.8849,0,1,1,0,0,0,1,0,0,0,0,1
32,23.65,1,17626.23951,559.3224999999999,1,0,1,0,0,0,1,0,0,1,0,0
19,20.7,0,1242.816,428.48999999999995,0,1,1,0,0,0,0,1,0,1,0,0
33,28.27,1,4779.6023,799.1929,1,0,1,0,0,0,1,0,0,0,1,0
21,20.235,3,3861.20965,409.455225,0,1,1,0,1,0,0,0,0,1,0,0
34,30.21,1,43943.8761,912.6441000000001,1,0,0,1,0,1,0,0,0,0,0,1
61,35.91,0,13635.6379,1289.5280999999998,1,0,1,0,1,0,0,0,0,0,0,1
38,30.69,1,5976.8311,941.8761000000001,1,0,1,0,0,0,1,0,0,0,0,1
58,29.0,0,11842.442,841.0,1,0,1,0,0,0,0,1,0,0,1,0
47,19.57,1,8428.0693,382.98490000000004,0,1,1,0,0,1,0,0,0,1,0,0
20,31.13,2,2566.4707,969.0768999999999,0,1,1,0,0,0,1,0,0,0,0,1
21,21.85,1,15359.1045,477.42250000000007,1,0,0,1,1,0,0,0,0,1,0,0
41,40.26,0,5709.1644,1620.8675999999998,0,1,1,0,0,0,1,0,0,0,0,1
46,33.725,1,8823.98575,1137.3756250000001,1,0,1,0,1,0,0,0,0,0,0,1
42,29.48,2,7640.3092,869.0704000000001,1,0,1,0,0,0,1,0,0,0,1,0
34,33.25,1,5594.8455,1105.5625,1,0,1,0,1,0,0,0,0,0,0,1
43,32.6,2,7441.501,1062.76,0,1,1,0,0,0,0,1,0,0,0,1
52,37.525,2,33471.97189,1408.125625,1,0,1,0,0,1,0,0,0,0,0,1
18,39.16,0,1633.0444,1533.5055999999997,1,0,1,0,0,0,1,0,0,0,0,1
51,31.635,0,9174.13565,1000.7732250000001,0,1,1,0,0,1,0,0,0,0,0,1
56,25.3,0,11070.535,640.09,1,0,1,0,0,0,0,1,0,0,1,0
64,39.05,3,16085.1275,1524.9024999999997,1,0,1,0,0,0,1,0,0,0,0,1
19,28.31,0,17468.9839,801.4560999999999,1,0,0,1,0,1,0,0,0,0,1,0
51,34.1,0,9283.562,1162.8100000000002,1,0,1,0,0,0,1,0,0,0,0,1
27,25.175,0,3558.62025,633.780625,1,0,1,0,1,0,0,0,0,0,1,0
59,23.655,0,25678.77845,559.559025,1,0,0,1,0,1,0,0,0,1,0,0
28,26.98,2,4435.0942,727.9204,0,1,1,0,1,0,0,0,0,0,1,0
30,37.8,2,39241.442,1428.8399999999997,0,1,0,1,0,0,0,1,0,0,0,1
47,29.37,1,8547.6913,862.5969,1,0,1,0,0,0,1,0,0,0,1,0
38,34.8,2,6571.544,1211.0399999999997,1,0,1,0,0,0,0,1,0,0,0,1
18,33.155,0,2207.69745,1099.2540250000002,1,0,1,0,1,0,0,0,0,0,0,1
34,19.0,3,6753.038,361.0,1,0,1,0,1,0,0,0,0,1,0,0
20,33.0,0,1880.07,1089.0,1,0,1,0,0,0,1,0,0,0,0,1
47,36.63,1,42969.8527,1341.7569,1,0,0,1,0,0,1,0,0,0,0,1
56,28.595,0,11658.11505,817.6740249999999,1,0,1,0,1,0,0,0,0,0,1,0
49,25.6,2,23306.547,655.3600000000001,0,1,0,1,0,0,0,1,0,0,1,0
19,33.11,0,34439.8559,1096.2721,1,0,0,1,0,0,1,0,0,0,0,1
55,37.1,0,10713.644,1376.41,1,0,1,0,0,0,0,1,0,0,0,1
30,31.4,1,3659.346,985.9599999999999,0,1,1,0,0,0,0,1,0,0,0,1
37,34.1,4,40182.246,1162.8100000000002,0,1,0,1,0,0,0,1,0,0,0,1
49,21.3,1,9182.17,453.69000000000005,1,0,1,0,0,0,0,1,0,1,0,0
18,33.535,0,34617.84065,1124.5962249999998,0,1,0,1,1,0,0,0,0,0,0,1
59,28.785,0,12129.61415,828.576225,0,1,1,0,0,1,0,0,0,0,1,0
29,26.03,0,3736.4647,677.5609000000001,1,0,1,0,0,1,0,0,0,0,1,0
36,28.88,3,6748.5912,834.0544,0,1,1,0,1,0,0,0,0,0,1,0
33,42.46,1,11326.71487,1802.8516,0,1,1,0,0,0,1,0,0,0,0,1
58,38.0,0,11365.952,1444.0,0,1,1,0,0,0,0,1,0,0,0,1
44,38.95,0,42983.4585,1517.1025000000002,1,0,0,1,0,1,0,0,0,0,0,1
53,36.1,1,10085.846,1303.21,0,1,1,0,0,0,0,1,0,0,0,1
24,29.3,0,1977.815,858.49,0,1,1,0,0,0,0,1,0,0,1,0
29,35.53,0,3366.6697,1262.3809,1,0,1,0,0,0,1,0,0,0,0,1
40,22.705,2,7173.35995,515.5170249999999,0,1,1,0,1,0,0,0,0,1,0,0
51,39.7,1,9391.346,1576.0900000000001,0,1,1,0,0,0,0,1,0,0,0,1
64,38.19,0,14410.9321,1458.4760999999999,0,1,1,0,1,0,0,0,0,0,0,1
19,24.51,1,2709.1119,600.7401000000001,1,0,1,0,0,1,0,0,0,1,0,0
35,38.095,2,24915.04626,1451.2290249999999,1,0,1,0,1,0,0,0,0,0,0,1
39,26.41,0,20149.3229,697.4881,0,1,0,1,1,0,0,0,0,0,1,0
56,33.66,4,12949.1554,1132.9955999999997,0,1,1,0,0,0,1,0,0,0,0,1
33,42.4,5,6666.243,1797.76,0,1,1,0,0,0,0,1,0,0,0,1
42,28.31,3,32787.45859,801.4560999999999,0,1,0,1,0,1,0,0,0,0,1,0
61,33.915,0,13143.86485,1150.2272249999999,0,1,1,0,1,0,0,0,0,0,0,1
23,34.96,3,4466.6214,1222.2016,1,0,1,0,0,1,0,0,0,0,0,1
43,35.31,2,18806.14547,1246.7961000000003,0,1,1,0,0,0,1,0,0,0,0,1
48,30.78,3,10141.1362,947.4084,0,1,1,0,1,0,0,0,0,0,0,1
39,26.22,1,6123.5688,687.4884,0,1,1,0,0,1,0,0,0,0,1,0
40,23.37,3,8252.2843,546.1569000000001,1,0,1,0,1,0,0,0,0,1,0,0
18,28.5,0,1712.227,812.25,0,1,1,0,1,0,0,0,0,0,1,0
58,32.965,0,12430.95335,1086.6912250000003,1,0,1,0,1,0,0,0,0,0,0,1
49,42.68,2,9800.8882,1821.5824,1,0,1,0,0,0,1,0,0,0,0,1
53,39.6,1,10579.711,1568.16,1,0,1,0,0,0,1,0,0,0,0,1
48,31.13,0,8280.6227,969.0768999999999,1,0,1,0,0,0,1,0,0,0,0,1
45,36.3,2,8527.532,1317.6899999999998,1,0,1,0,0,0,1,0,0,0,0,1
59,35.2,0,12244.531,1239.0400000000002,1,0,1,0,0,0,1,0,0,0,0,1
52,25.3,2,24667.419,640.09,1,0,0,1,0,0,1,0,0,0,1,0
26,42.4,1,3410.324,1797.76,1,0,1,0,0,0,0,1,0,0,0,1
27,33.155,2,4058.71245,1099.2540250000002,0,1,1,0,0,1,0,0,0,0,0,1
48,35.91,1,26392.26029,1289.5280999999998,1,0,1,0,1,0,0,0,0,0,0,1
57,28.785,4,14394.39815,828.576225,1,0,1,0,1,0,0,0,0,0,1,0
37,46.53,3,6435.6237,2165.0409,0,1,1,0,0,0,1,0,0,0,0,1
57,23.98,1,22192.43711,575.0404,1,0,1,0,0,0,1,0,0,1,0,0
32,31.54,1,5148.5526,994.7715999999999,1,0,1,0,1,0,0,0,0,0,0,1
18,33.66,0,1136.3994,1132.9955999999997,0,1,1,0,0,0,1,0,0,0,0,1
64,22.99,0,27037.9141,528.5400999999999,1,0,0,1,0,0,1,0,0,1,0,0
43,38.06,2,42560.4304,1448.5636000000002,0,1,0,1,0,0,1,0,0,0,0,1
49,28.7,1,8703.456,823.6899999999999,0,1,1,0,0,0,0,1,0,0,1,0
40,32.775,2,40003.33225,1074.200625,1,0,0,1,0,1,0,0,0,0,0,1
62,32.015,0,45710.20785,1024.960225,0,1,0,1,1,0,0,0,0,0,0,1
40,29.81,1,6500.2359,888.6360999999999,1,0,1,0,0,0,1,0,0,0,1,0
30,31.57,3,4837.5823,996.6649,0,1,1,0,0,0,1,0,0,0,0,1
29,31.16,0,3943.5954,970.9456,1,0,1,0,1,0,0,0,0,0,0,1
36,29.7,0,4399.731,882.0899999999999,0,1,1,0,0,0,1,0,0,0,1,0
41,31.02,0,6185.3208,962.2404,1,0,1,0,0,0,1,0,0,0,0,1
44,43.89,2,46200.9851,1926.3321,1,0,0,1,0,0,1,0,0,0,0,1
45,21.375,0,7222.78625,456.890625,0,1,1,0,0,1,0,0,0,1,0,0
55,40.81,3,12485.8009,1665.4561,1,0,1,0,0,0,1,0,0,0,0,1
60,31.35,3,46130.5265,982.8225000000001,0,1,0,1,0,1,0,0,0,0,0,1
56,36.1,3,12363.547,1303.21,0,1,1,0,0,0,0,1,0,0,0,1
49,23.18,2,10156.7832,537.3124,1,0,1,0,0,1,0,0,0,1,0,0
21,17.4,1,2585.269,302.75999999999993,1,0,1,0,0,0,0,1,1,0,0,0
19,20.3,0,1242.26,412.09000000000003,0,1,1,0,0,0,0,1,0,1,0,0
39,35.3,2,40103.89,1246.0899999999997,0,1,0,1,0,0,0,1,0,0,0,1
53,24.32,0,9863.4718,591.4624,0,1,1,0,0,1,0,0,0,1,0,0
33,18.5,1,4766.022,342.25,1,0,1,0,0,0,0,1,0,1,0,0
53,26.41,2,11244.3769,697.4881,0,1,1,0,1,0,0,0,0,0,1,0
42,26.125,2,7729.64575,682.515625,0,1,1,0,1,0,0,0,0,0,1,0
40,41.69,0,5438.7491,1738.0560999999998,0,1,1,0,0,0,1,0,0,0,0,1
47,24.1,1,26236.57997,580.8100000000001,1,0,1,0,0,0,0,1,0,1,0,0
27,31.13,1,34806.4677,969.0768999999999,0,1,0,1,0,0,1,0,0,0,0,1
21,27.36,0,2104.1134,748.5695999999999,0,1,1,0,1,0,0,0,0,0,1,0
47,36.2,1,8068.185,1310.4400000000003,0,1,1,0,0,0,0,1,0,0,0,1
20,32.395,1,2362.22905,1049.4360250000002,0,1,1,0,0,1,0,0,0,0,0,1
24,23.655,0,2352.96845,559.559025,0,1,1,0,0,1,0,0,0,1,0,0
27,34.8,1,3577.999,1211.0399999999997,1,0,1,0,0,0,0,1,0,0,0,1
26,40.185,0,3201.24515,1614.8342250000003,1,0,1,0,0,1,0,0,0,0,0,1
53,32.3,2,29186.48236,1043.2899999999997,1,0,1,0,1,0,0,0,0,0,0,1
41,35.75,1,40273.6455,1278.0625,0,1,0,1,0,0,1,0,0,0,0,1
56,33.725,0,10976.24575,1137.3756250000001,0,1,1,0,0,1,0,0,0,0,0,1
23,39.27,2,3500.6123,1542.1329000000003,1,0,1,0,0,0,1,0,0,0,0,1
21,34.87,0,2020.5523,1215.9168999999997,1,0,1,0,0,0,1,0,0,0,0,1
50,44.745,0,9541.69555,2002.1150249999998,1,0,1,0,1,0,0,0,0,0,0,1
53,41.47,0,9504.3103,1719.7609,0,1,1,0,0,0,1,0,0,0,0,1
34,26.41,1,5385.3379,697.4881,1,0,1,0,0,1,0,0,0,0,1,0
47,29.545,1,8930.93455,872.9070250000001,1,0,1,0,0,1,0,0,0,0,1,0
33,32.9,2,5375.038,1082.4099999999999,1,0,1,0,0,0,0,1,0,0,0,1
51,38.06,0,44400.4064,1448.5636000000002,1,0,0,1,0,0,1,0,0,0,0,1
49,28.69,3,10264.4421,823.1161000000001,0,1,1,0,0,1,0,0,0,0,1,0
31,30.495,3,6113.23105,929.9450250000001,1,0,1,0,1,0,0,0,0,0,0,1
36,27.74,0,5469.0066,769.5075999999999,1,0,1,0,1,0,0,0,0,0,1,0
18,35.2,1,1727.54,1239.0400000000002,0,1,1,0,0,0,1,0,0,0,0,1
50,23.54,2,10107.2206,554.1315999999999,1,0,1,0,0,0,1,0,0,1,0,0
43,30.685,2,8310.83915,941.569225,1,0,1,0,0,1,0,0,0,0,0,1
20,40.47,0,1984.4533,1637.8209,0,1,1,0,1,0,0,0,0,0,0,1
24,22.6,0,2457.502,510.76000000000005,1,0,1,0,0,0,0,1,0,1,0,0
60,28.9,0,12146.971,835.2099999999999,0,1,1,0,0,0,0,1,0,0,1,0
49,22.61,1,9566.9909,511.21209999999996,1,0,1,0,0,1,0,0,0,1,0,0
60,24.32,1,13112.6048,591.4624,0,1,1,0,0,1,0,0,0,1,0,0
51,36.67,2,10848.1343,1344.6889,1,0,1,0,0,1,0,0,0,0,0,1
58,33.44,0,12231.6136,1118.2335999999998,1,0,1,0,0,1,0,0,0,0,0,1
51,40.66,0,9875.6804,1653.2355999999997,1,0,1,0,1,0,0,0,0,0,0,1
53,36.6,3,11264.541,1339.5600000000002,0,1,1,0,0,0,0,1,0,0,0,1
62,37.4,0,12979.358,1398.76,0,1,1,0,0,0,0,1,0,0,0,1
19,35.4,0,1263.249,1253.1599999999999,0,1,1,0,0,0,0,1,0,0,0,1
50,27.075,1,10106.13425,733.055625,1,0,1,0,1,0,0,0,0,0,1,0
30,39.05,3,40932.4295,1524.9024999999997,1,0,0,1,0,0,1,0,0,0,0,1
41,28.405,1,6664.68595,806.8440250000001,0,1,1,0,0,1,0,0,0,0,1,0
29,21.755,1,16657.71745,473.28002499999997,1,0,0,1,1,0,0,0,0,1,0,0
18,40.28,0,2217.6012,1622.4784000000002,1,0,1,0,1,0,0,0,0,0,0,1
41,36.08,1,6781.3542,1301.7664,1,0,1,0,0,0,1,0,0,0,0,1
35,24.42,3,19361.9988,596.3364000000001,0,1,0,1,0,0,1,0,0,1,0,0
53,21.4,1,10065.413,457.9599999999999,0,1,1,0,0,0,0,1,0,1,0,0
24,30.1,3,4234.927,906.0100000000001,1,0,1,0,0,0,0,1,0,0,0,1
48,27.265,1,9447.25035,743.380225,1,0,1,0,1,0,0,0,0,0,1,0
59,32.1,3,14007.222,1030.41,1,0,1,0,0,0,0,1,0,0,0,1
49,34.77,1,9583.8933,1208.9529000000002,1,0,1,0,0,1,0,0,0,0,0,1
37,38.39,0,40419.0191,1473.7921000000001,1,0,0,1,0,0,1,0,0,0,0,1
26,23.7,2,3484.331,561.6899999999999,0,1,1,0,0,0,0,1,0,1,0,0
23,31.73,3,36189.1017,1006.7929,0,1,0,1,1,0,0,0,0,0,0,1
29,35.5,2,44585.45587,1260.25,0,1,0,1,0,0,0,1,0,0,0,1
45,24.035,2,8604.48365,577.681225,0,1,1,0,1,0,0,0,0,1,0,0
27,29.15,0,18246.4955,849.7225,0,1,0,1,0,0,1,0,0,0,1,0
53,34.105,0,43254.41795,1163.151025,0,1,0,1,1,0,0,0,0,0,0,1
31,26.62,0,3757.8448,708.6244,1,0,1,0,0,0,1,0,0,0,1,0
50,26.41,0,8827.2099,697.4881,0,1,1,0,0,1,0,0,0,0,1,0
50,30.115,1,9910.35985,906.9132249999999,1,0,1,0,0,1,0,0,0,0,0,1
34,27.0,2,11737.84884,729.0,0,1,1,0,0,0,0,1,0,0,1,0
19,21.755,0,1627.28245,473.28002499999997,0,1,1,0,0,1,0,0,0,1,0,0
47,36.0,1,8556.907,1296.0,1,0,1,0,0,0,0,1,0,0,0,1
28,30.875,0,3062.50825,953.265625,0,1,1,0,0,1,0,0,0,0,0,1
37,26.4,0,19539.243,696.9599999999999,1,0,0,1,0,0,1,0,0,0,1,0
21,28.975,0,1906.35825,839.5506250000001,0,1,1,0,0,1,0,0,0,0,1,0
64,37.905,0,14210.53595,1436.789025,0,1,1,0,0,1,0,0,0,0,0,1
58,22.77,0,11833.7823,518.4729,1,0,1,0,0,0,1,0,0,1,0,0
24,33.63,4,17128.42608,1130.9769000000001,0,1,1,0,1,0,0,0,0,0,0,1
31,27.645,2,5031.26955,764.246025,0,1,1,0,1,0,0,0,0,0,1,0
39,22.8,3,7985.815,519.84,1,0,1,0,1,0,0,0,0,1,0,0
47,27.83,0,23065.4207,774.5088999999999,1,0,0,1,0,0,1,0,0,0,1,0
30,37.43,3,5428.7277,1401.0049,0,1,1,0,1,0,0,0,0,0,0,1
18,38.17,0,36307.7983,1456.9489,0,1,0,1,0,0,1,0,0,0,0,1
22,34.58,2,3925.7582,1195.7764,1,0,1,0,1,0,0,0,0,0,0,1
23,35.2,1,2416.955,1239.0400000000002,0,1,1,0,0,0,0,1,0,0,0,1
33,27.1,1,19040.876,734.4100000000001,0,1,0,1,0,0,0,1,0,0,1,0
27,26.03,0,3070.8087,677.5609000000001,0,1,1,0,1,0,0,0,0,0,1,0
45,25.175,2,9095.06825,633.780625,1,0,1,0,1,0,0,0,0,0,1,0
57,31.825,0,11842.62375,1012.8306249999999,1,0,1,0,0,1,0,0,0,0,0,1
47,32.3,1,8062.764,1043.2899999999997,0,1,1,0,0,0,0,1,0,0,0,1
42,29.0,1,7050.642,841.0,1,0,1,0,0,0,0,1,0,0,1,0
64,39.7,0,14319.031,1576.0900000000001,1,0,1,0,0,0,0,1,0,0,0,1
38,19.475,2,6933.24225,379.27562500000005,1,0,1,0,0,1,0,0,0,1,0,0
61,36.1,3,27941.28758,1303.21,0,1,1,0,0,0,0,1,0,0,0,1
53,26.7,2,11150.78,712.89,1,0,1,0,0,0,0,1,0,0,1,0
44,36.48,0,12797.20962,1330.7903999999999,1,0,1,0,1,0,0,0,0,0,0,1
19,28.88,0,17748.5062,834.0544,1,0,0,1,0,1,0,0,0,0,1,0
41,34.2,2,7261.741,1169.64,0,1,1,0,0,1,0,0,0,0,0,1
51,33.33,3,10560.4917,1110.8889,0,1,1,0,0,0,1,0,0,0,0,1
40,32.3,2,6986.697,1043.2899999999997,0,1,1,0,0,1,0,0,0,0,0,1
45,39.805,0,7448.40395,1584.438025,0,1,1,0,1,0,0,0,0,0,0,1
35,34.32,3,5934.3798,1177.8624,0,1,1,0,0,0,1,0,0,0,0,1
53,28.88,0,9869.8102,834.0544,0,1,1,0,0,1,0,0,0,0,1,0
30,24.4,3,18259.216,595.3599999999999,0,1,0,1,0,0,0,1,0,1,0,0
18,41.14,0,1146.7966,1692.4996,0,1,1,0,0,0,1,0,0,0,0,1
51,35.97,1,9386.1613,1293.8409,0,1,1,0,0,0,1,0,0,0,0,1
50,27.6,1,24520.264,761.7600000000001,1,0,0,1,0,0,0,1,0,0,1,0
31,29.26,1,4350.5144,856.1476000000001,1,0,1,0,0,0,1,0,0,0,1,0
35,27.7,3,6414.178,767.29,1,0,1,0,0,0,0,1,0,0,1,0
60,36.955,0,12741.16745,1365.6720249999998,0,1,1,0,1,0,0,0,0,0,0,1
21,36.86,0,1917.3184,1358.6596,0,1,1,0,0,1,0,0,0,0,0,1
29,22.515,3,5209.57885,506.925225,0,1,1,0,1,0,0,0,0,1,0,0
62,29.92,0,13457.9608,895.2064000000001,1,0,1,0,0,0,1,0,0,0,1,0
39,41.8,0,5662.225,1747.2399999999998,1,0,1,0,0,0,1,0,0,0,0,1
19,27.6,0,1252.407,761.7600000000001,0,1,1,0,0,0,0,1,0,0,1,0
22,23.18,0,2731.9122,537.3124,1,0,1,0,1,0,0,0,0,1,0,0
53,20.9,0,21195.818,436.80999999999995,0,1,0,1,0,0,1,0,0,1,0,0
39,31.92,2,7209.4918,1018.8864000000001,1,0,1,0,0,1,0,0,0,0,0,1
27,28.5,0,18310.742,812.25,0,1,0,1,0,1,0,0,0,0,1,0
30,44.22,2,4266.1658,1955.4083999999998,0,1,1,0,0,0,1,0,0,0,0,1
30,22.895,1,4719.52405,524.181025,1,0,1,0,1,0,0,0,0,1,0,0
58,33.1,0,11848.141,1095.6100000000001,1,0,1,0,0,0,0,1,0,0,0,1
33,24.795,0,17904.52705,614.7920250000001,0,1,0,1,1,0,0,0,0,1,0,0
42,26.18,1,7046.7222,685.3924,1,0,1,0,0,0,1,0,0,0,1,0
64,35.97,0,14313.8463,1293.8409,1,0,1,0,0,0,1,0,0,0,0,1
21,22.3,1,2103.08,497.29,0,1,1,0,0,0,0,1,0,1,0,0
18,42.24,0,38792.6856,1784.2176000000002,1,0,0,1,0,0,1,0,0,0,0,1
23,26.51,0,1815.8759,702.7801000000001,0,1,1,0,0,0,1,0,0,0,1,0
45,35.815,0,7731.85785,1282.714225,1,0,1,0,0,1,0,0,0,0,0,1
40,41.42,1,28476.73499,1715.6164,1,0,1,0,0,1,0,0,0,0,0,1
19,36.575,0,2136.88225,1337.7306250000001,1,0,1,0,0,1,0,0,0,0,0,1
18,30.14,0,1131.5066,908.4196000000001,0,1,1,0,0,0,1,0,0,0,0,1
25,25.84,1,3309.7926,667.7056,0,1,1,0,1,0,0,0,0,0,1,0
46,30.8,3,9414.92,948.6400000000001,1,0,1,0,0,0,0,1,0,0,0,1
33,42.94,3,6360.9936,1843.8435999999997,1,0,1,0,0,1,0,0,0,0,0,1
54,21.01,2,11013.7119,441.42010000000005,0,1,1,0,0,0,1,0,0,1,0,0
28,22.515,2,4428.88785,506.925225,0,1,1,0,1,0,0,0,0,1,0,0
36,34.43,2,5584.3057,1185.4249,0,1,1,0,0,0,1,0,0,0,0,1
20,31.46,0,1877.9294,989.7316000000001,1,0,1,0,0,0,1,0,0,0,0,1
24,24.225,0,2842.76075,586.850625,1,0,1,0,0,1,0,0,0,1,0,0
23,37.1,3,3597.596,1376.41,0,1,1,0,0,0,0,1,0,0,0,1
47,26.125,1,23401.30575,682.515625,1,0,0,1,1,0,0,0,0,0,1,0
33,35.53,0,55135.40209,1262.3809,1,0,0,1,0,1,0,0,0,0,0,1
45,33.7,1,7445.918,1135.6900000000003,0,1,1,0,0,0,0,1,0,0,0,1
26,17.67,0,2680.9493,312.22890000000007,0,1,1,0,0,1,0,0,1,0,0,0
18,31.13,0,1621.8827,969.0768999999999,1,0,1,0,0,0,1,0,0,0,0,1
44,29.81,2,8219.2039,888.6360999999999,1,0,1,0,0,0,1,0,0,0,1,0
60,24.32,0,12523.6048,591.4624,0,1,1,0,0,1,0,0,0,1,0,0
64,31.825,2,16069.08475,1012.8306249999999,1,0,1,0,1,0,0,0,0,0,0,1
56,31.79,2,43813.8661,1010.6040999999999,0,1,0,1,0,0,1,0,0,0,0,1
36,28.025,1,20773.62775,785.4006249999999,0,1,0,1,1,0,0,0,0,0,1,0
41,30.78,3,39597.4072,947.4084,0,1,0,1,1,0,0,0,0,0,0,1
39,21.85,1,6117.4945,477.42250000000007,0,1,1,0,0,1,0,0,0,1,0,0
63,33.1,0,13393.756,1095.6100000000001,0,1,1,0,0,0,0,1,0,0,0,1
36,25.84,0,5266.3656,667.7056,1,0,1,0,0,1,0,0,0,0,1,0
28,23.845,2,4719.73655,568.584025,1,0,1,0,0,1,0,0,0,1,0,0
58,34.39,0,11743.9341,1182.6721,0,1,1,0,0,1,0,0,0,0,0,1
36,33.82,1,5377.4578,1143.7924,0,1,1,0,0,1,0,0,0,0,0,1
42,35.97,2,7160.3303,1293.8409,0,1,1,0,0,0,1,0,0,0,0,1
36,31.5,0,4402.233,992.25,0,1,1,0,0,0,0,1,0,0,0,1
56,28.31,0,11657.7189,801.4560999999999,1,0,1,0,1,0,0,0,0,0,1,0
35,23.465,2,6402.29135,550.606225,1,0,1,0,1,0,0,0,0,1,0,0
59,31.35,0,12622.1795,982.8225000000001,1,0,1,0,0,1,0,0,0,0,0,1
21,31.1,0,1526.312,967.21,0,1,1,0,0,0,0,1,0,0,0,1
59,24.7,0,12323.936,610.0899999999999,0,1,1,0,1,0,0,0,0,1,0,0
23,32.78,2,36021.0112,1074.5284000000001,1,0,0,1,0,0,1,0,0,0,0,1
57,29.81,0,27533.9129,888.6360999999999,1,0,0,1,0,0,1,0,0,0,1,0
53,30.495,0,10072.05505,929.9450250000001,0,1,1,0,1,0,0,0,0,0,0,1
60,32.45,0,45008.9555,1053.0025000000003,1,0,0,1,0,0,1,0,0,0,0,1
51,34.2,1,9872.701,1169.64,1,0,1,0,0,0,0,1,0,0,0,1
23,50.38,1,2438.0552,2538.1444,0,1,1,0,0,0,1,0,0,0,0,1
27,24.1,0,2974.126,580.8100000000001,1,0,1,0,0,0,0,1,0,1,0,0
55,32.775,0,10601.63225,1074.200625,0,1,1,0,0,1,0,0,0,0,0,1
37,30.78,0,37270.1512,947.4084,1,0,0,1,1,0,0,0,0,0,0,1
61,32.3,2,14119.62,1043.2899999999997,0,1,1,0,0,1,0,0,0,0,0,1
46,35.53,0,42111.6647,1262.3809,1,0,0,1,1,0,0,0,0,0,0,1
53,23.75,2,11729.6795,564.0625,1,0,1,0,1,0,0,0,0,1,0,0
49,23.845,3,24106.91255,568.584025,1,0,0,1,1,0,0,0,0,1,0,0
20,29.6,0,1875.344,876.1600000000001,1,0,1,0,0,0,0,1,0,0,1,0
48,33.11,0,40974.1649,1096.2721,1,0,0,1,0,0,1,0,0,0,0,1
25,24.13,0,15817.9857,582.2569,0,1,0,1,0,1,0,0,0,1,0,0
25,32.23,1,18218.16139,1038.7728999999997,1,0,1,0,0,0,1,0,0,0,0,1
57,28.1,0,10965.446,789.6100000000001,0,1,1,0,0,0,0,1,0,0,1,0
37,47.6,2,46113.511,2265.76,1,0,0,1,0,0,0,1,0,0,0,1
38,28.0,3,7151.092,784.0,1,0,1,0,0,0,0,1,0,0,1,0
55,33.535,2,12269.68865,1124.5962249999998,1,0,1,0,0,1,0,0,0,0,0,1
36,19.855,0,5458.04645,394.221025,1,0,1,0,1,0,0,0,0,1,0,0
51,25.4,0,8782.469,645.16,0,1,1,0,0,0,0,1,0,0,1,0
40,29.9,2,6600.361,894.0099999999999,0,1,1,0,0,0,0,1,0,0,1,0
18,37.29,0,1141.4451,1390.5440999999998,0,1,1,0,0,0,1,0,0,0,0,1
57,43.7,1,11576.13,1909.6900000000003,0,1,1,0,0,0,0,1,0,0,0,1
61,23.655,0,13129.60345,559.559025,0,1,1,0,1,0,0,0,0,1,0,0
25,24.3,3,4391.652,590.49,1,0,1,0,0,0,0,1,0,1,0,0
50,36.2,0,8457.818,1310.4400000000003,0,1,1,0,0,0,0,1,0,0,0,1
26,29.48,1,3392.3652,869.0704000000001,1,0,1,0,0,0,1,0,0,0,1,0
42,24.86,0,5966.8874,618.0196,0,1,1,0,0,0,1,0,0,1,0,0
43,30.1,1,6849.026,906.0100000000001,0,1,1,0,0,0,0,1,0,0,0,1
44,21.85,3,8891.1395,477.42250000000007,0,1,1,0,1,0,0,0,0,1,0,0
23,28.12,0,2690.1138,790.7344,1,0,1,0,0,1,0,0,0,0,1,0
49,27.1,1,26140.3603,734.4100000000001,1,0,1,0,0,0,0,1,0,0,1,0
33,33.44,5,6653.7886,1118.2335999999998,0,1,1,0,0,0,1,0,0,0,0,1
41,28.8,1,6282.235,829.44,0,1,1,0,0,0,0,1,0,0,1,0
37,29.5,2,6311.952,870.25,1,0,1,0,0,0,0,1,0,0,1,0
22,34.8,3,3443.064,1211.0399999999997,0,1,1,0,0,0,0,1,0,0,0,1
23,27.36,1,2789.0574,748.5695999999999,0,1,1,0,0,1,0,0,0,0,1,0
21,22.135,0,2585.85065,489.9582250000001,1,0,1,0,1,0,0,0,0,1,0,0
51,37.05,3,46255.1125,1372.7024999999999,1,0,0,1,1,0,0,0,0,0,0,1
25,26.695,4,4877.98105,712.623025,0,1,1,0,0,1,0,0,0,0,1,0
32,28.93,1,19719.6947,836.9449,0,1,0,1,0,0,1,0,0,0,1,0
57,28.975,0,27218.43725,839.5506250000001,0,1,0,1,1,0,0,0,0,0,1,0
36,30.02,0,5272.1758,901.2004,1,0,1,0,0,1,0,0,0,0,0,1
22,39.5,0,1682.597,1560.25,0,1,1,0,0,0,0,1,0,0,0,1
57,33.63,1,11945.1327,1130.9769000000001,0,1,1,0,0,1,0,0,0,0,0,1
64,26.885,0,29330.98315,722.8032250000001,1,0,0,1,0,1,0,0,0,0,1,0
36,29.04,4,7243.8136,843.3216,1,0,1,0,0,0,1,0,0,0,1,0
54,24.035,0,10422.91665,577.681225,0,1,1,0,1,0,0,0,0,1,0,0
47,38.94,2,44202.6536,1516.3235999999997,0,1,0,1,0,0,1,0,0,0,0,1
62,32.11,0,13555.0049,1031.0520999999999,0,1,1,0,1,0,0,0,0,0,0,1
61,44.0,0,13063.883,1936.0,1,0,1,0,0,0,0,1,0,0,0,1
43,20.045,2,19798.05455,401.80202500000007,1,0,0,1,1,0,0,0,0,1,0,0
19,25.555,1,2221.56445,653.0580249999999,0,1,1,0,0,1,0,0,0,0,1,0
18,40.26,0,1634.5734,1620.8675999999998,1,0,1,0,0,0,1,0,0,0,0,1
19,22.515,0,2117.33885,506.925225,1,0,1,0,0,1,0,0,0,1,0,0
49,22.515,0,8688.85885,506.925225,0,1,1,0,1,0,0,0,0,1,0,0
60,40.92,0,48673.5588,1674.4464,0,1,0,1,0,0,1,0,0,0,0,1
26,27.265,3,4661.28635,743.380225,0,1,1,0,1,0,0,0,0,0,1,0
49,36.85,0,8125.7845,1357.9225000000001,0,1,1,0,0,0,1,0,0,0,0,1
60,35.1,0,12644.589,1232.01,1,0,1,0,0,0,0,1,0,0,0,1
26,29.355,2,4564.19145,861.7160250000001,1,0,1,0,1,0,0,0,0,0,1,0
27,32.585,3,4846.92015,1061.7822250000002,0,1,1,0,1,0,0,0,0,0,0,1
44,32.34,1,7633.7206,1045.8756000000003,1,0,1,0,0,0,1,0,0,0,0,1
63,39.8,3,15170.069,1584.0399999999997,0,1,1,0,0,0,0,1,0,0,0,1
32,24.6,0,17496.306,605.1600000000001,1,0,0,1,0,0,0,1,0,1,0,0
22,28.31,1,2639.0429,801.4560999999999,0,1,1,0,0,1,0,0,0,0,1,0
18,31.73,0,33732.6867,1006.7929,0,1,0,1,1,0,0,0,0,0,0,1
59,26.695,3,14382.70905,712.623025,1,0,1,0,0,1,0,0,0,0,1,0
44,27.5,1,7626.993,756.25,1,0,1,0,0,0,0,1,0,0,1,0
33,24.605,2,5257.50795,605.406025,0,1,1,0,0,1,0,0,0,1,0,0
24,33.99,0,2473.3341,1155.3201000000001,1,0,1,0,0,0,1,0,0,0,0,1
43,26.885,0,21774.32215,722.8032250000001,1,0,0,1,0,1,0,0,0,0,1,0
45,22.895,0,35069.37452,524.181025,0,1,0,1,1,0,0,0,0,1,0,0
61,28.2,0,13041.921,795.24,1,0,1,0,0,0,0,1,0,0,1,0
35,34.21,1,5245.2269,1170.3241,1,0,1,0,0,0,1,0,0,0,0,1
62,25.0,0,13451.122,625.0,1,0,1,0,0,0,0,1,0,0,1,0
62,33.2,0,13462.52,1102.2400000000002,1,0,1,0,0,0,0,1,0,0,0,1
38,31.0,1,5488.262,961.0,0,1,1,0,0,0,0,1,0,0,0,1
34,35.815,0,4320.41085,1282.714225,0,1,1,0,0,1,0,0,0,0,0,1
43,23.2,0,6250.435,538.24,0,1,1,0,0,0,0,1,0,1,0,0
50,32.11,2,25333.33284,1031.0520999999999,0,1,1,0,1,0,0,0,0,0,0,1
19,23.4,2,2913.569,547.56,1,0,1,0,0,0,0,1,0,1,0,0
57,20.1,1,12032.326,404.01000000000005,1,0,1,0,0,0,0,1,0,1,0,0
62,39.16,0,13470.8044,1533.5055999999997,1,0,1,0,0,0,1,0,0,0,0,1
41,34.21,1,6289.7549,1170.3241,0,1,1,0,0,0,1,0,0,0,0,1
26,46.53,1,2927.0647,2165.0409,0,1,1,0,0,0,1,0,0,0,0,1
39,32.5,1,6238.298,1056.25,1,0,1,0,0,0,0,1,0,0,0,1
46,25.8,5,10096.97,665.64,0,1,1,0,0,0,0,1,0,0,1,0
45,35.3,0,7348.142,1246.0899999999997,1,0,1,0,0,0,0,1,0,0,0,1
32,37.18,2,4673.3922,1382.3524,0,1,1,0,0,0,1,0,0,0,0,1
59,27.5,0,12233.828,756.25,1,0,1,0,0,0,0,1,0,0,1,0
44,29.735,2,32108.66282,884.170225,0,1,1,0,1,0,0,0,0,0,1,0
39,24.225,5,8965.79575,586.850625,1,0,1,0,0,1,0,0,0,1,0,0
18,26.18,2,2304.0022,685.3924,0,1,1,0,0,0,1,0,0,0,1,0
53,29.48,0,9487.6442,869.0704000000001,0,1,1,0,0,0,1,0,0,0,1,0
18,23.21,0,1121.8739,538.7041,0,1,1,0,0,0,1,0,0,1,0,0
50,46.09,1,9549.5651,2124.2881,1,0,1,0,0,0,1,0,0,0,0,1
18,40.185,0,2217.46915,1614.8342250000003,1,0,1,0,1,0,0,0,0,0,0,1
19,22.61,0,1628.4709,511.21209999999996,0,1,1,0,0,1,0,0,0,1,0,0
62,39.93,0,12982.8747,1594.4049,0,1,1,0,0,0,1,0,0,0,0,1
56,35.8,1,11674.13,1281.6399999999999,1,0,1,0,0,0,0,1,0,0,0,1
42,35.8,2,7160.094,1281.6399999999999,0,1,1,0,0,0,0,1,0,0,0,1
37,34.2,1,39047.285,1169.64,0,1,0,1,1,0,0,0,0,0,0,1
42,31.255,0,6358.77645,976.8750249999999,0,1,1,0,0,1,0,0,0,0,0,1
25,29.7,3,19933.458,882.0899999999999,0,1,0,1,0,0,0,1,0,0,1,0
57,18.335,0,11534.87265,336.172225,0,1,1,0,1,0,0,0,1,0,0,0
51,42.9,2,47462.894,1840.4099999999999,0,1,0,1,0,0,1,0,0,0,0,1
30,28.405,1,4527.18295,806.8440250000001,1,0,1,0,0,1,0,0,0,0,1,0
44,30.2,2,38998.546,912.04,0,1,0,1,0,0,0,1,0,0,0,1
34,27.835,1,20009.63365,774.787225,0,1,0,1,0,1,0,0,0,0,1,0
31,39.49,1,3875.7341,1559.4601000000002,0,1,1,0,0,0,1,0,0,0,0,1
54,30.8,1,41999.52,948.6400000000001,0,1,0,1,0,0,1,0,0,0,0,1
24,26.79,1,12609.88702,717.7040999999999,0,1,1,0,0,1,0,0,0,0,1,0
43,34.96,1,41034.2214,1222.2016,0,1,0,1,1,0,0,0,0,0,0,1
48,36.67,1,28468.91901,1344.6889,0,1,1,0,0,1,0,0,0,0,0,1
19,39.615,1,2730.10785,1569.3482250000002,1,0,1,0,0,1,0,0,0,0,0,1
29,25.9,0,3353.284,670.81,1,0,1,0,0,0,0,1,0,0,1,0
63,35.2,1,14474.675,1239.0400000000002,1,0,1,0,0,0,1,0,0,0,0,1
46,24.795,3,9500.57305,614.7920250000001,0,1,1,0,1,0,0,0,0,1,0,0
52,36.765,2,26467.09737,1351.665225,0,1,1,0,0,1,0,0,0,0,0,1
35,27.1,1,4746.344,734.4100000000001,0,1,1,0,0,0,0,1,0,0,1,0
51,24.795,2,23967.38305,614.7920250000001,0,1,0,1,0,1,0,0,0,1,0,0
44,25.365,1,7518.02535,643.3832249999999,0,1,1,0,0,1,0,0,0,0,1,0
21,25.745,2,3279.86855,662.805025,0,1,1,0,1,0,0,0,0,0,1,0
39,34.32,5,8596.8278,1177.8624,1,0,1,0,0,0,1,0,0,0,0,1
50,28.16,3,10702.6424,792.9856,1,0,1,0,0,0,1,0,0,0,1,0
34,23.56,0,4992.3764,555.0735999999999,1,0,1,0,1,0,0,0,0,1,0,0
22,20.235,0,2527.81865,409.455225,1,0,1,0,0,1,0,0,0,1,0,0
19,40.5,0,1759.338,1640.25,1,0,1,0,0,0,0,1,0,0,0,1
26,35.42,0,2322.6218,1254.5764000000001,0,1,1,0,0,0,1,0,0,0,0,1
29,22.895,0,16138.76205,524.181025,0,1,0,1,1,0,0,0,0,1,0,0
48,40.15,0,7804.1605,1612.0224999999998,0,1,1,0,0,0,1,0,0,0,0,1
26,29.15,1,2902.9065,849.7225,0,1,1,0,0,0,1,0,0,0,1,0
45,39.995,3,9704.66805,1599.6000249999997,1,0,1,0,1,0,0,0,0,0,0,1
36,29.92,0,4889.0368,895.2064000000001,1,0,1,0,0,0,1,0,0,0,1,0
54,25.46,1,25517.11363,648.2116000000001,0,1,1,0,1,0,0,0,0,0,1,0
34,21.375,0,4500.33925,456.890625,0,1,1,0,1,0,0,0,0,1,0,0
31,25.9,3,19199.944,670.81,0,1,0,1,0,0,0,1,0,0,1,0
27,30.59,1,16796.41194,935.7481,1,0,1,0,1,0,0,0,0,0,0,1
20,30.115,5,4915.05985,906.9132249999999,0,1,1,0,1,0,0,0,0,0,0,1
44,25.8,1,7624.63,665.64,1,0,1,0,0,0,0,1,0,0,1,0
43,30.115,3,8410.04685,906.9132249999999,0,1,1,0,0,1,0,0,0,0,0,1
45,27.645,1,28340.18885,764.246025,1,0,1,0,0,1,0,0,0,0,1,0
34,34.675,0,4518.82625,1202.3556249999997,0,1,1,0,1,0,0,0,0,0,0,1
24,20.52,0,14571.8908,421.0704,1,0,0,1,1,0,0,0,0,1,0,0
26,19.8,1,3378.91,392.04,1,0,1,0,0,0,0,1,0,1,0,0
38,27.835,2,7144.86265,774.787225,1,0,1,0,1,0,0,0,0,0,1,0
50,31.6,2,10118.424,998.5600000000001,1,0,1,0,0,0,0,1,0,0,0,1
38,28.27,1,5484.4673,799.1929,0,1,1,0,0,0,1,0,0,0,1,0
27,20.045,3,16420.49455,401.80202500000007,1,0,0,1,0,1,0,0,0,1,0,0
39,23.275,3,7986.47525,541.7256249999999,1,0,1,0,1,0,0,0,0,1,0,0
39,34.1,3,7418.522,1162.8100000000002,1,0,1,0,0,0,0,1,0,0,0,1
63,36.85,0,13887.9685,1357.9225000000001,1,0,1,0,0,0,1,0,0,0,0,1
33,36.29,3,6551.7501,1316.9641,1,0,1,0,1,0,0,0,0,0,0,1
36,26.885,0,5267.81815,722.8032250000001,1,0,1,0,0,1,0,0,0,0,1,0
30,22.99,2,17361.7661,528.5400999999999,0,1,0,1,0,1,0,0,0,1,0,0
24,32.7,0,34472.841,1069.2900000000002,0,1,0,1,0,0,0,1,0,0,0,1
24,25.8,0,1972.95,665.64,0,1,1,0,0,0,0,1,0,0,1,0
48,29.6,0,21232.18226,876.1600000000001,0,1,1,0,0,0,0,1,0,0,1,0
47,19.19,1,8627.5411,368.25610000000006,0,1,1,0,1,0,0,0,0,1,0,0
29,31.73,2,4433.3877,1006.7929,0,1,1,0,0,1,0,0,0,0,0,1
28,29.26,2,4438.2634,856.1476000000001,0,1,1,0,1,0,0,0,0,0,1,0
47,28.215,3,24915.22085,796.086225,0,1,0,1,0,1,0,0,0,0,1,0
25,24.985,2,23241.47453,624.250225,0,1,1,0,1,0,0,0,0,1,0,0
51,27.74,1,9957.7216,769.5075999999999,0,1,1,0,1,0,0,0,0,0,1,0
48,22.8,0,8269.044,519.84,1,0,1,0,0,0,0,1,0,1,0,0
43,20.13,2,18767.7377,405.21689999999995,0,1,0,1,0,0,1,0,0,1,0,0
61,33.33,4,36580.28216,1110.8889,1,0,1,0,0,0,1,0,0,0,0,1
48,32.3,1,8765.249,1043.2899999999997,0,1,1,0,0,1,0,0,0,0,0,1
38,27.6,0,5383.536,761.7600000000001,1,0,1,0,0,0,0,1,0,0,1,0
59,25.46,0,12124.9924,648.2116000000001,0,1,1,0,0,1,0,0,0,0,1,0
19,24.605,1,2709.24395,605.406025,1,0,1,0,0,1,0,0,0,1,0,0
26,34.2,2,3987.926,1169.64,1,0,1,0,0,0,0,1,0,0,0,1
54,35.815,3,12495.29085,1282.714225,1,0,1,0,0,1,0,0,0,0,0,1
21,32.68,2,26018.95052,1067.9823999999999,1,0,1,0,0,1,0,0,0,0,0,1
51,37.0,0,8798.593,1369.0,0,1,1,0,0,0,0,1,0,0,0,1
22,31.02,3,35595.5898,962.2404,1,0,0,1,0,0,1,0,0,0,0,1
47,36.08,1,42211.1382,1301.7664,0,1,0,1,0,0,1,0,0,0,0,1
18,23.32,1,1711.0268,543.8224,0,1,1,0,0,0,1,0,0,1,0,0
47,45.32,1,8569.8618,2053.9024,1,0,1,0,0,0,1,0,0,0,0,1
21,34.6,0,2020.177,1197.16,1,0,1,0,0,0,0,1,0,0,0,1
19,26.03,1,16450.8947,677.5609000000001,0,1,0,1,0,1,0,0,0,0,1,0
23,18.715,0,21595.38229,350.251225,0,1,1,0,0,1,0,0,0,1,0,0
54,31.6,0,9850.432,998.5600000000001,0,1,1,0,0,0,0,1,0,0,0,1
37,17.29,2,6877.9801,298.9441,1,0,1,0,1,0,0,0,1,0,0,0
46,23.655,1,21677.28345,559.559025,1,0,0,1,0,1,0,0,0,1,0,0
55,35.2,0,44423.803,1239.0400000000002,1,0,0,1,0,0,1,0,0,0,0,1
30,27.93,0,4137.5227,780.0849,1,0,1,0,1,0,0,0,0,0,1,0
18,21.565,0,13747.87235,465.04922500000004,0,1,0,1,1,0,0,0,0,1,0,0
61,38.38,0,12950.0712,1473.0244000000002,0,1,1,0,0,1,0,0,0,0,0,1
54,23.0,3,12094.478,529.0,1,0,1,0,0,0,0,1,0,1,0,0
22,37.07,2,37484.4493,1374.1849,0,1,0,1,0,0,1,0,0,0,0,1
45,30.495,1,39725.51805,929.9450250000001,1,0,0,1,0,1,0,0,0,0,0,1
22,28.88,0,2250.8352,834.0544,0,1,1,0,1,0,0,0,0,0,1,0
19,27.265,2,22493.65964,743.380225,0,1,1,0,0,1,0,0,0,0,1,0
35,28.025,0,20234.85475,785.4006249999999,1,0,0,1,0,1,0,0,0,0,1,0
18,23.085,0,1704.70015,532.917225,0,1,1,0,1,0,0,0,0,1,0,0
20,30.685,0,33475.81715,941.569225,0,1,0,1,1,0,0,0,0,0,0,1
28,25.8,0,3161.454,665.64,1,0,1,0,0,0,0,1,0,0,1,0
55,35.245,1,11394.06555,1242.2100249999999,0,1,1,0,1,0,0,0,0,0,0,1
43,24.7,2,21880.82,610.0899999999999,1,0,0,1,0,1,0,0,0,1,0,0
43,25.08,0,7325.0482,629.0063999999999,1,0,1,0,1,0,0,0,0,0,1,0
22,52.58,1,44501.3982,2764.6564,0,1,0,1,0,0,1,0,0,0,0,1
25,22.515,1,3594.17085,506.925225,1,0,1,0,0,1,0,0,0,1,0,0
49,30.9,0,39727.614,954.81,0,1,0,1,0,0,0,1,0,0,0,1
44,36.955,1,8023.13545,1365.6720249999998,1,0,1,0,0,1,0,0,0,0,0,1
64,26.41,0,14394.5579,697.4881,0,1,1,0,1,0,0,0,0,0,1,0
49,29.83,1,9288.0267,889.8288999999999,0,1,1,0,1,0,0,0,0,0,1,0
47,29.8,3,25309.489,888.0400000000001,0,1,0,1,0,0,0,1,0,0,1,0
27,21.47,0,3353.4703,460.9608999999999,1,0,1,0,0,1,0,0,0,1,0,0
55,27.645,0,10594.50155,764.246025,0,1,1,0,0,1,0,0,0,0,1,0
48,28.9,0,8277.523,835.2099999999999,1,0,1,0,0,0,0,1,0,0,1,0
45,31.79,0,17929.30337,1010.6040999999999,1,0,1,0,0,0,1,0,0,0,0,1
24,39.49,0,2480.9791,1559.4601000000002,1,0,1,0,0,0,1,0,0,0,0,1
32,33.82,1,4462.7218,1143.7924,0,1,1,0,0,1,0,0,0,0,0,1
24,32.01,0,1981.5819,1024.6400999999998,0,1,1,0,0,0,1,0,0,0,0,1
57,27.94,1,11554.2236,780.6436000000001,0,1,1,0,0,0,1,0,0,0,1,0
59,41.14,1,48970.2476,1692.4996,0,1,0,1,0,0,1,0,0,0,0,1
36,28.595,3,6548.19505,817.6740249999999,0,1,1,0,0,1,0,0,0,0,1,0
29,25.6,4,5708.867,655.3600000000001,1,0,1,0,0,0,0,1,0,0,1,0
42,25.3,1,7045.499,640.09,1,0,1,0,0,0,0,1,0,0,1,0
48,37.29,2,8978.1851,1390.5440999999998,0,1,1,0,0,0,1,0,0,0,0,1
39,42.655,0,5757.41345,1819.4490250000001,0,1,1,0,1,0,0,0,0,0,0,1
63,21.66,1,14349.8544,469.1556,0,1,1,0,0,1,0,0,0,1,0,0
54,31.9,1,10928.849,1017.6099999999999,1,0,1,0,0,0,1,0,0,0,0,1
37,37.07,1,39871.7043,1374.1849,0,1,0,1,0,0,1,0,0,0,0,1
63,31.445,0,13974.45555,988.7880250000001,0,1,1,0,1,0,0,0,0,0,0,1
21,31.255,0,1909.52745,976.8750249999999,0,1,1,0,0,1,0,0,0,0,0,1
54,28.88,2,12096.6512,834.0544,1,0,1,0,1,0,0,0,0,0,1,0
60,18.335,0,13204.28565,336.172225,1,0,1,0,1,0,0,0,1,0,0,0
32,29.59,1,4562.8421,875.5681,1,0,1,0,0,0,1,0,0,0,1,0
47,32.0,1,8551.347,1024.0,1,0,1,0,0,0,0,1,0,0,0,1
21,26.03,0,2102.2647,677.5609000000001,0,1,1,0,1,0,0,0,0,0,1,0
28,31.68,0,34672.1472,1003.6224,0,1,0,1,0,0,1,0,0,0,0,1
63,33.66,3,15161.5344,1132.9955999999997,0,1,1,0,0,0,1,0,0,0,0,1
18,21.78,2,11884.04858,474.36840000000007,0,1,1,0,0,0,1,0,0,1,0,0
32,27.835,1,4454.40265,774.787225,0,1,1,0,0,1,0,0,0,0,1,0
38,19.95,1,5855.9025,398.0025,0,1,1,0,0,1,0,0,0,1,0,0
32,31.5,1,4076.497,992.25,0,1,1,0,0,0,0,1,0,0,0,1
62,30.495,2,15019.76005,929.9450250000001,1,0,1,0,0,1,0,0,0,0,0,1
39,18.3,5,19023.26,334.89000000000004,1,0,0,1,0,0,0,1,1,0,0,0
55,28.975,0,10796.35025,839.5506250000001,0,1,1,0,1,0,0,0,0,0,1,0
57,31.54,0,11353.2276,994.7715999999999,0,1,1,0,0,1,0,0,0,0,0,1
52,47.74,1,9748.9106,2279.1076000000003,0,1,1,0,0,0,1,0,0,0,0,1
56,22.1,0,10577.087,488.4100000000001,0,1,1,0,0,0,0,1,0,1,0,0
47,36.19,0,41676.0811,1309.7160999999999,0,1,0,1,0,0,1,0,0,0,0,1
55,29.83,0,11286.5387,889.8288999999999,1,0,1,0,1,0,0,0,0,0,1,0
23,32.7,3,3591.48,1069.2900000000002,0,1,1,0,0,0,0,1,0,0,0,1
22,30.4,0,33907.548,924.16,1,0,0,1,0,1,0,0,0,0,0,1
50,33.7,4,11299.343,1135.6900000000003,1,0,1,0,0,0,0,1,0,0,0,1
18,31.35,4,4561.1885,982.8225000000001,1,0,1,0,1,0,0,0,0,0,0,1
51,34.96,2,44641.1974,1222.2016,1,0,0,1,1,0,0,0,0,0,0,1
22,33.77,0,1674.6323,1140.4129000000003,0,1,1,0,0,0,1,0,0,0,0,1
52,30.875,0,23045.56616,953.265625,1,0,1,0,1,0,0,0,0,0,0,1
25,33.99,1,3227.1211,1155.3201000000001,1,0,1,0,0,0,1,0,0,0,0,1
33,19.095,2,16776.30405,364.61902499999997,1,0,0,1,1,0,0,0,0,1,0,0
53,28.6,3,11253.421,817.96,0,1,1,0,0,0,0,1,0,0,1,0
29,38.94,1,3471.4096,1516.3235999999997,0,1,1,0,0,0,1,0,0,0,0,1
58,36.08,0,11363.2832,1301.7664,0,1,1,0,0,0,1,0,0,0,0,1
37,29.8,0,20420.60465,888.0400000000001,0,1,1,0,0,0,0,1,0,0,1,0
54,31.24,0,10338.9316,975.9375999999999,1,0,1,0,0,0,1,0,0,0,0,1
49,29.925,0,8988.15875,895.505625,1,0,1,0,0,1,0,0,0,0,1,0
50,26.22,2,10493.9458,687.4884,1,0,1,0,0,1,0,0,0,0,1,0
26,30.0,1,2904.088,900.0,0,1,1,0,0,0,0,1,0,0,0,1
45,20.35,3,8605.3615,414.12250000000006,0,1,1,0,0,0,1,0,0,1,0,0
54,32.3,1,11512.405,1043.2899999999997,1,0,1,0,1,0,0,0,0,0,0,1
38,38.39,3,41949.2441,1473.7921000000001,0,1,0,1,0,0,1,0,0,0,0,1
48,25.85,3,24180.9335,668.2225000000001,1,0,0,1,0,0,1,0,0,0,1,0
28,26.315,3,5312.16985,692.479225,1,0,1,0,0,1,0,0,0,0,1,0
23,24.51,0,2396.0959,600.7401000000001,0,1,1,0,1,0,0,0,0,1,0,0
55,32.67,1,10807.4863,1067.3289000000002,0,1,1,0,0,0,1,0,0,0,0,1
41,29.64,5,9222.4026,878.5296000000001,0,1,1,0,1,0,0,0,0,0,1,0
25,33.33,2,36124.5737,1110.8889,0,1,0,1,0,0,1,0,0,0,0,1
33,35.75,1,38282.7495,1278.0625,0,1,0,1,0,0,1,0,0,0,0,1
30,19.95,3,5693.4305,398.0025,1,0,1,0,0,1,0,0,0,1,0,0
23,31.4,0,34166.273,985.9599999999999,1,0,0,1,0,0,0,1,0,0,0,1
46,38.17,2,8347.1643,1456.9489,0,1,1,0,0,0,1,0,0,0,0,1
53,36.86,3,46661.4424,1358.6596,1,0,0,1,0,1,0,0,0,0,0,1
27,32.395,1,18903.49141,1049.4360250000002,1,0,1,0,1,0,0,0,0,0,0,1
23,42.75,1,40904.1995,1827.5625,1,0,0,1,1,0,0,0,0,0,0,1
63,25.08,0,14254.6082,629.0063999999999,1,0,1,0,0,1,0,0,0,0,1,0
55,29.9,0,10214.636,894.0099999999999,0,1,1,0,0,0,0,1,0,0,1,0
35,35.86,2,5836.5204,1285.9396,1,0,1,0,0,0,1,0,0,0,0,1
34,32.8,1,14358.36437,1075.84,0,1,1,0,0,0,0,1,0,0,0,1
19,18.6,0,1728.897,345.96000000000004,1,0,1,0,0,0,0,1,0,1,0,0
39,23.87,5,8582.3023,569.7769000000001,1,0,1,0,0,0,1,0,0,1,0,0
27,45.9,2,3693.428,2106.81,0,1,1,0,0,0,0,1,0,0,0,1
57,40.28,0,20709.02034,1622.4784000000002,0,1,1,0,1,0,0,0,0,0,0,1
52,18.335,0,9991.03765,336.172225,1,0,1,0,0,1,0,0,1,0,0,0
28,33.82,0,19673.33573,1143.7924,0,1,1,0,0,1,0,0,0,0,0,1
50,28.12,3,11085.5868,790.7344,1,0,1,0,0,1,0,0,0,0,1,0
44,25.0,1,7623.518,625.0,1,0,1,0,0,0,0,1,0,0,1,0
26,22.23,0,3176.2877,494.1729,1,0,1,0,0,1,0,0,0,1,0,0
33,30.25,0,3704.3545,915.0625,0,1,1,0,0,0,1,0,0,0,0,1
19,32.49,0,36898.73308,1055.6001,1,0,0,1,0,1,0,0,0,0,0,1
50,37.07,1,9048.0273,1374.1849,0,1,1,0,0,0,1,0,0,0,0,1
41,32.6,3,7954.517,1062.76,1,0,1,0,0,0,0,1,0,0,0,1
52,24.86,0,27117.99378,618.0196,1,0,1,0,0,0,1,0,0,1,0,0
39,32.34,2,6338.0756,1045.8756000000003,0,1,1,0,0,0,1,0,0,0,0,1
50,32.3,2,9630.397,1043.2899999999997,0,1,1,0,0,0,0,1,0,0,0,1
52,32.775,3,11289.10925,1074.200625,0,1,1,0,0,1,0,0,0,0,0,1
60,32.8,0,52590.82939,1075.84,0,1,0,1,0,0,0,1,0,0,0,1
20,31.92,0,2261.5688,1018.8864000000001,1,0,1,0,0,1,0,0,0,0,0,1
55,21.5,1,10791.96,462.25,0,1,1,0,0,0,0,1,0,1,0,0
42,34.1,0,5979.731,1162.8100000000002,0,1,1,0,0,0,0,1,0,0,0,1
18,30.305,0,2203.73595,918.393025,1,0,1,0,1,0,0,0,0,0,0,1
58,36.48,0,12235.8392,1330.7903999999999,1,0,1,0,0,1,0,0,0,0,0,1
43,32.56,3,40941.2854,1060.1536,1,0,0,1,0,0,1,0,0,0,0,1
35,35.815,1,5630.45785,1282.714225,1,0,1,0,0,1,0,0,0,0,0,1
48,27.93,4,11015.1747,780.0849,1,0,1,0,0,1,0,0,0,0,1,0
36,22.135,3,7228.21565,489.9582250000001,1,0,1,0,1,0,0,0,0,1,0,0
19,44.88,0,39722.7462,2014.2144000000003,0,1,0,1,0,0,1,0,0,0,0,1
23,23.18,2,14426.07385,537.3124,1,0,1,0,0,1,0,0,0,1,0,0
20,30.59,0,2459.7201,935.7481,1,0,1,0,1,0,0,0,0,0,0,1
32,41.1,0,3989.841,1689.21,1,0,1,0,0,0,0,1,0,0,0,1
43,34.58,1,7727.2532,1195.7764,1,0,1,0,0,1,0,0,0,0,0,1
34,42.13,2,5124.1887,1774.9369000000002,0,1,1,0,0,0,1,0,0,0,0,1
30,38.83,1,18963.17192,1507.7688999999998,0,1,1,0,0,0,1,0,0,0,0,1
18,28.215,0,2200.83085,796.086225,1,0,1,0,1,0,0,0,0,0,1,0
41,28.31,1,7153.5539,801.4560999999999,1,0,1,0,0,1,0,0,0,0,1,0
35,26.125,0,5227.98875,682.515625,1,0,1,0,1,0,0,0,0,0,1,0
57,40.37,0,10982.5013,1629.7368999999999,0,1,1,0,0,0,1,0,0,0,0,1
29,24.6,2,4529.477,605.1600000000001,1,0,1,0,0,0,0,1,0,1,0,0
32,35.2,2,4670.64,1239.0400000000002,0,1,1,0,0,0,0,1,0,0,0,1
37,34.105,1,6112.35295,1163.151025,1,0,1,0,0,1,0,0,0,0,0,1
18,27.36,1,17178.6824,748.5695999999999,0,1,0,1,1,0,0,0,0,0,1,0
43,26.7,2,22478.6,712.89,1,0,0,1,0,0,0,1,0,0,1,0
56,41.91,0,11093.6229,1756.4480999999996,1,0,1,0,0,0,1,0,0,0,0,1
38,29.26,2,6457.8434,856.1476000000001,0,1,1,0,0,1,0,0,0,0,1,0
29,32.11,2,4433.9159,1031.0520999999999,0,1,1,0,0,1,0,0,0,0,0,1
22,27.1,0,2154.361,734.4100000000001,1,0,1,0,0,0,0,1,0,0,1,0
52,24.13,1,23887.6627,582.2569,1,0,0,1,0,1,0,0,0,1,0,0
40,27.4,1,6496.886,750.7599999999999,1,0,1,0,0,0,0,1,0,0,1,0
23,34.865,0,2899.48935,1215.5682250000002,1,0,1,0,1,0,0,0,0,0,0,1
31,29.81,0,19350.3689,888.6360999999999,0,1,0,1,0,0,1,0,0,0,1,0
42,41.325,1,7650.77375,1707.7556250000002,1,0,1,0,1,0,0,0,0,0,0,1
24,29.925,0,2850.68375,895.505625,1,0,1,0,0,1,0,0,0,0,1,0
25,30.3,0,2632.992,918.09,1,0,1,0,0,0,0,1,0,0,0,1
48,27.36,1,9447.3824,748.5695999999999,1,0,1,0,1,0,0,0,0,0,1,0
23,28.49,1,18328.2381,811.6800999999999,1,0,0,1,0,0,1,0,0,0,1,0
45,23.56,2,8603.8234,555.0735999999999,0,1,1,0,1,0,0,0,0,1,0,0
20,35.625,3,37465.34375,1269.140625,0,1,0,1,0,1,0,0,0,0,0,1
62,32.68,0,13844.7972,1067.9823999999999,1,0,1,0,0,1,0,0,0,0,0,1
43,25.27,1,21771.3423,638.5729,1,0,0,1,1,0,0,0,0,0,1,0
23,28.0,0,13126.67745,784.0,1,0,1,0,0,0,0,1,0,0,1,0
31,32.775,2,5327.40025,1074.200625,1,0,1,0,0,1,0,0,0,0,0,1
41,21.755,1,13725.47184,473.28002499999997,1,0,1,0,1,0,0,0,0,1,0,0
58,32.395,1,13019.16105,1049.4360250000002,1,0,1,0,1,0,0,0,0,0,0,1
48,36.575,0,8671.19125,1337.7306250000001,1,0,1,0,0,1,0,0,0,0,0,1
31,21.755,0,4134.08245,473.28002499999997,1,0,1,0,0,1,0,0,0,1,0,0
19,27.93,3,18838.70366,780.0849,1,0,1,0,0,1,0,0,0,0,1,0
19,30.02,0,33307.5508,901.2004,1,0,0,1,0,1,0,0,0,0,0,1
41,33.55,0,5699.8375,1125.6024999999997,0,1,1,0,0,0,1,0,0,0,0,1
40,29.355,1,6393.60345,861.7160250000001,0,1,1,0,0,1,0,0,0,0,1,0
31,25.8,2,4934.705,665.64,1,0,1,0,0,0,0,1,0,0,1,0
37,24.32,2,6198.7518,591.4624,0,1,1,0,0,1,0,0,0,1,0,0
46,40.375,2,8733.22925,1630.140625,0,1,1,0,0,1,0,0,0,0,0,1
22,32.11,0,2055.3249,1031.0520999999999,0,1,1,0,0,1,0,0,0,0,0,1
51,32.3,1,9964.06,1043.2899999999997,0,1,1,0,1,0,0,0,0,0,0,1
18,27.28,3,18223.4512,744.1984000000001,1,0,0,1,0,0,1,0,0,0,1,0
35,17.86,1,5116.5004,318.9796,0,1,1,0,0,1,0,0,1,0,0,0
59,34.8,2,36910.60803,1211.0399999999997,1,0,1,0,0,0,0,1,0,0,0,1
36,33.4,2,38415.474,1115.56,0,1,0,1,0,0,0,1,0,0,0,1
37,25.555,1,20296.86345,653.0580249999999,1,0,0,1,1,0,0,0,0,0,1,0
59,37.1,1,12347.172,1376.41,0,1,1,0,0,0,0,1,0,0,0,1
36,30.875,1,5373.36425,953.265625,0,1,1,0,0,1,0,0,0,0,0,1
39,34.1,2,23563.01618,1162.8100000000002,0,1,1,0,0,0,1,0,0,0,0,1
18,21.47,0,1702.4553,460.9608999999999,0,1,1,0,1,0,0,0,0,1,0,0
52,33.3,2,10806.839,1108.8899999999999,1,0,1,0,0,0,0,1,0,0,0,1
27,31.255,1,3956.07145,976.8750249999999,1,0,1,0,0,1,0,0,0,0,0,1
18,39.14,0,12890.05765,1531.9396000000002,0,1,1,0,1,0,0,0,0,0,0,1
40,25.08,0,5415.6612,629.0063999999999,0,1,1,0,0,0,1,0,0,0,1,0
29,37.29,2,4058.1161,1390.5440999999998,0,1,1,0,0,0,1,0,0,0,0,1
46,34.6,1,41661.602,1197.16,1,0,0,1,0,0,0,1,0,0,0,1
38,30.21,3,7537.1639,912.6441000000001,1,0,1,0,0,1,0,0,0,0,0,1
30,21.945,1,4718.20355,481.583025,1,0,1,0,1,0,0,0,0,1,0,0
40,24.97,2,6593.5083,623.5008999999999,0,1,1,0,0,0,1,0,0,1,0,0
50,25.3,0,8442.667,640.09,0,1,1,0,0,0,1,0,0,0,1,0
20,24.42,0,26125.67477,596.3364000000001,1,0,0,1,0,0,1,0,0,1,0,0
41,23.94,1,6858.4796,573.1236,0,1,1,0,1,0,0,0,0,1,0,0
33,39.82,1,4795.6568,1585.6324,1,0,1,0,0,0,1,0,0,0,0,1
38,16.815,2,6640.54485,282.74422500000003,0,1,1,0,1,0,0,0,1,0,0,0
42,37.18,2,7162.0122,1382.3524,0,1,1,0,0,0,1,0,0,0,0,1
56,34.43,0,10594.2257,1185.4249,0,1,1,0,0,0,1,0,0,0,0,1
58,30.305,0,11938.25595,918.393025,0,1,1,0,1,0,0,0,0,0,0,1
52,34.485,3,60021.39897,1189.215225,0,1,0,1,0,1,0,0,0,0,0,1
20,21.8,0,20167.33603,475.24,1,0,0,1,0,0,0,1,0,1,0,0
54,24.605,3,12479.70895,605.406025,1,0,1,0,0,1,0,0,0,1,0,0
58,23.3,0,11345.519,542.89,0,1,1,0,0,0,0,1,0,1,0,0
45,27.83,2,8515.7587,774.5088999999999,1,0,1,0,0,0,1,0,0,0,1,0
26,31.065,0,2699.56835,965.0342250000001,0,1,1,0,0,1,0,0,0,0,0,1
63,21.66,0,14449.8544,469.1556,1,0,1,0,1,0,0,0,0,1,0,0
58,28.215,0,12224.35085,796.086225,1,0,1,0,0,1,0,0,0,0,1,0
37,22.705,3,6985.50695,515.5170249999999,0,1,1,0,1,0,0,0,0,1,0,0
25,42.13,1,3238.4357,1774.9369000000002,1,0,1,0,0,0,1,0,0,0,0,1
52,41.8,2,47269.854,1747.2399999999998,0,1,0,1,0,0,1,0,0,0,0,1
64,36.96,2,49577.6624,1366.0416,0,1,0,1,0,0,1,0,0,0,0,1
22,21.28,3,4296.2712,452.83840000000004,1,0,1,0,0,1,0,0,0,1,0,0
28,33.11,0,3171.6149,1096.2721,1,0,1,0,0,0,1,0,0,0,0,1
18,33.33,0,1135.9407,1110.8889,0,1,1,0,0,0,1,0,0,0,0,1
28,24.3,5,5615.369,590.49,0,1,1,0,0,0,0,1,0,1,0,0
45,25.7,3,9101.798,660.49,1,0,1,0,0,0,0,1,0,0,1,0
33,29.4,4,6059.173,864.3599999999999,0,1,1,0,0,0,0,1,0,0,1,0
18,39.82,0,1633.9618,1585.6324,1,0,1,0,0,0,1,0,0,0,0,1
32,33.63,1,37607.5277,1130.9769000000001,0,1,0,1,1,0,0,0,0,0,0,1
24,29.83,0,18648.4217,889.8288999999999,0,1,0,1,1,0,0,0,0,0,1,0
19,19.8,0,1241.565,392.04,0,1,1,0,0,0,0,1,0,1,0,0
20,27.3,0,16232.847,745.2900000000001,0,1,0,1,0,0,0,1,0,0,1,0
40,29.3,4,15828.82173,858.49,1,0,1,0,0,0,0,1,0,0,1,0
34,27.72,0,4415.1588,768.3983999999999,1,0,1,0,0,0,1,0,0,0,1,0
42,37.9,0,6474.013,1436.4099999999999,1,0,1,0,0,0,0,1,0,0,0,1
51,36.385,3,11436.73815,1323.868225,1,0,1,0,0,1,0,0,0,0,0,1
54,27.645,1,11305.93455,764.246025,1,0,1,0,0,1,0,0,0,0,1,0
55,37.715,3,30063.58055,1422.4212250000003,0,1,1,0,0,1,0,0,0,0,0,1
52,23.18,0,10197.7722,537.3124,1,0,1,0,1,0,0,0,0,1,0,0
32,20.52,0,4544.2348,421.0704,1,0,1,0,1,0,0,0,0,1,0,0
28,37.1,1,3277.161,1376.41,0,1,1,0,0,0,0,1,0,0,0,1
41,28.05,1,6770.1925,786.8025,1,0,1,0,0,0,1,0,0,0,1,0
43,29.9,1,7337.748,894.0099999999999,1,0,1,0,0,0,0,1,0,0,1,0
49,33.345,2,10370.91255,1111.889025,1,0,1,0,1,0,0,0,0,0,0,1
64,23.76,0,26926.5144,564.5376000000001,0,1,0,1,0,0,1,0,0,1,0,0
55,30.5,0,10704.47,930.25,1,0,1,0,0,0,0,1,0,0,0,1
24,31.065,0,34254.05335,965.0342250000001,0,1,0,1,1,0,0,0,0,0,0,1
20,33.3,0,1880.487,1108.8899999999999,1,0,1,0,0,0,0,1,0,0,0,1
45,27.5,3,8615.3,756.25,0,1,1,0,0,0,0,1,0,0,1,0
26,33.915,1,3292.52985,1150.2272249999999,0,1,1,0,0,1,0,0,0,0,0,1
25,34.485,0,3021.80915,1189.215225,1,0,1,0,0,1,0,0,0,0,0,1
43,25.52,5,14478.33015,651.2704,0,1,1,0,0,0,1,0,0,0,1,0
35,27.61,1,4747.0529,762.3121,0,1,1,0,0,0,1,0,0,0,1,0
26,27.06,0,17043.3414,732.2435999999999,0,1,0,1,0,0,1,0,0,0,1,0
57,23.7,0,10959.33,561.6899999999999,0,1,1,0,0,0,0,1,0,1,0,0
22,30.4,0,2741.948,924.16,1,0,1,0,1,0,0,0,0,0,0,1
32,29.735,0,4357.04365,884.170225,1,0,1,0,0,1,0,0,0,0,1,0
39,29.925,1,22462.04375,895.505625,0,1,0,1,1,0,0,0,0,0,1,0
25,26.79,2,4189.1131,717.7040999999999,1,0,1,0,0,1,0,0,0,0,1,0
48,33.33,0,8283.6807,1110.8889,1,0,1,0,0,0,1,0,0,0,0,1
47,27.645,2,24535.69855,764.246025,1,0,0,1,0,1,0,0,0,0,1,0
18,21.66,0,14283.4594,469.1556,1,0,0,1,1,0,0,0,0,1,0,0
18,30.03,1,1720.3537,901.8009000000001,0,1,1,0,0,0,1,0,0,0,0,1
61,36.3,1,47403.88,1317.6899999999998,0,1,0,1,0,0,0,1,0,0,0,1
47,24.32,0,8534.6718,591.4624,1,0,1,0,1,0,0,0,0,1,0,0
28,17.29,0,3732.6251,298.9441,1,0,1,0,1,0,0,0,1,0,0,0
36,25.9,1,5472.449,670.81,1,0,1,0,0,0,0,1,0,0,1,0
20,39.4,2,38344.566,1552.36,0,1,0,1,0,0,0,1,0,0,0,1
44,34.32,1,7147.4728,1177.8624,0,1,1,0,0,0,1,0,0,0,0,1
38,19.95,2,7133.9025,398.0025,1,0,1,0,1,0,0,0,0,1,0,0
19,34.9,0,34828.654,1218.01,0,1,0,1,0,0,0,1,0,0,0,1
21,23.21,0,1515.3449,538.7041,0,1,1,0,0,0,1,0,0,1,0,0
46,25.745,3,9301.89355,662.805025,0,1,1,0,0,1,0,0,0,0,1,0
58,25.175,0,11931.12525,633.780625,0,1,1,0,1,0,0,0,0,0,1,0
20,22.0,1,1964.78,484.0,0,1,1,0,0,0,0,1,0,1,0,0
18,26.125,0,1708.92575,682.515625,0,1,1,0,1,0,0,0,0,0,1,0
28,26.51,2,4340.4409,702.7801000000001,1,0,1,0,0,0,1,0,0,0,1,0
33,27.455,2,5261.46945,753.7770249999999,0,1,1,0,0,1,0,0,0,0,1,0
19,25.745,1,2710.82855,662.805025,1,0,1,0,0,1,0,0,0,0,1,0
45,30.36,0,62592.87309,921.7296,0,1,0,1,0,0,1,0,0,0,0,1
62,30.875,3,46718.16325,953.265625,0,1,0,1,0,1,0,0,0,0,0,1
25,20.8,1,3208.787,432.64000000000004,1,0,1,0,0,0,0,1,0,1,0,0
43,27.8,0,37829.7242,772.84,0,1,0,1,0,0,0,1,0,0,1,0
42,24.605,2,21259.37795,605.406025,0,1,0,1,1,0,0,0,0,1,0,0
24,27.72,0,2464.6188,768.3983999999999,1,0,1,0,0,0,1,0,0,0,1,0
29,21.85,0,16115.3045,477.42250000000007,1,0,0,1,1,0,0,0,0,1,0,0
32,28.12,4,21472.4788,790.7344,0,1,0,1,0,1,0,0,0,0,1,0
25,30.2,0,33900.653,912.04,1,0,0,1,0,0,0,1,0,0,0,1
41,32.2,2,6875.961,1036.8400000000001,0,1,1,0,0,0,0,1,0,0,0,1
42,26.315,1,6940.90985,692.479225,0,1,1,0,0,1,0,0,0,0,1,0
33,26.695,0,4571.41305,712.623025,1,0,1,0,0,1,0,0,0,0,1,0
34,42.9,1,4536.259,1840.4099999999999,0,1,1,0,0,0,0,1,0,0,0,1
19,34.7,2,36397.576,1204.0900000000001,1,0,0,1,0,0,0,1,0,0,0,1
30,23.655,3,18765.87545,559.559025,1,0,0,1,0,1,0,0,0,1,0,0
18,28.31,1,11272.33139,801.4560999999999,0,1,1,0,1,0,0,0,0,0,1,0
19,20.6,0,1731.677,424.36000000000007,1,0,1,0,0,0,0,1,0,1,0,0
18,53.13,0,1163.4627,2822.7969000000003,0,1,1,0,0,0,1,0,0,0,0,1
35,39.71,4,19496.71917,1576.8841,0,1,1,0,1,0,0,0,0,0,0,1
39,26.315,2,7201.70085,692.479225,1,0,1,0,0,1,0,0,0,0,1,0
31,31.065,3,5425.02335,965.0342250000001,0,1,1,0,0,1,0,0,0,0,0,1
62,26.695,0,28101.33305,712.623025,0,1,0,1,1,0,0,0,0,0,1,0
62,38.83,0,12981.3457,1507.7688999999998,0,1,1,0,0,0,1,0,0,0,0,1
42,40.37,2,43896.3763,1629.7368999999999,1,0,0,1,0,0,1,0,0,0,0,1
31,25.935,1,4239.89265,672.6242249999999,0,1,1,0,0,1,0,0,0,0,1,0
61,33.535,0,13143.33665,1124.5962249999998,0,1,1,0,1,0,0,0,0,0,0,1
42,32.87,0,7050.0213,1080.4369,1,0,1,0,1,0,0,0,0,0,0,1
51,30.03,1,9377.9047,901.8009000000001,0,1,1,0,0,0,1,0,0,0,0,1
23,24.225,2,22395.74424,586.850625,1,0,1,0,1,0,0,0,0,1,0,0
52,38.6,2,10325.206,1489.96,0,1,1,0,0,0,0,1,0,0,0,1
57,25.74,2,12629.1656,662.5475999999999,1,0,1,0,0,0,1,0,0,0,1,0
23,33.4,0,10795.93733,1115.56,1,0,1,0,0,0,0,1,0,0,0,1
52,44.7,3,11411.685,1998.0900000000001,1,0,1,0,0,0,0,1,0,0,0,1
50,30.97,3,10600.5483,959.1408999999999,0,1,1,0,0,1,0,0,0,0,0,1
18,31.92,0,2205.9808,1018.8864000000001,1,0,1,0,1,0,0,0,0,0,0,1
18,36.85,0,1629.8335,1357.9225000000001,1,0,1,0,0,0,1,0,0,0,0,1
21,25.8,0,2007.945,665.64,1,0,1,0,0,0,0,1,0,0,1,0
61,29.07,0,29141.3603,845.0649,1,0,0,1,0,1,0,0,0,0,1,0
